nudafa_id;geometry;location;title;problem;description;_thema1;_thema2;_thema3;topics;project_hidden;complexity_level;status;urgency;start;deadline;deadline_hidden;length;costs_amount;costs_remarks;funding_quota;_admin1;_admin2;_admin3;admin_authority;town;stakeholders;;;;
_NUDAFA-ID*;Geom.*;Ort / Straße ;Titel *;Problem;Beschreibung *;Themen *;thema2;thema3;;Notiz, intern;Komplexitätsstufe;Status *;Auswahl;Beginn;Fertigstellung;interne Info zum Realisierungsdatum;Länge in m;Kosten in EUR;Notiz zu Kosten;Förderquote;Baulastträger;;;;Kommune*;Beteiligte;;;;
_TEXT;bool;TEXT;TEXT;text;TEXT;AUSWAHL;;;;FREITEXT;AUSWAHL;AUSWAHL;AUSWAHL;DATUM;DATUM;FREITEXT;GANZE ZAHL;GANZE ZAHL;FREITEXT;ZAHL 0-100;AUSWAHL;;;;AUSWAHL;FREITEXT;;;;
_Eichwalde_test;false;Überall;NUDAFA-Reallabor;es braucht mehr Forschung zur interkommunalen Radverkehrsförderung;Wir machen ein Reallabor;strategie-and-strukturen;ausbau-wegeinfrastruktur;fahrradparken-and-service;strategie-and-strukturen | ausbau-wegeinfrastruktur | fahrradparken-and-service;;besondere-herausforderung;in-umsetzung;sehr-hoch;3/1/20;6/30/26;6/30/26; 	11.111 ; 	1.200.000 ;ab 01.07.2024 nur noch 90% Förderung durch BMBF;100;eichwalde;;;eichwalde;eichwalde;TU Berlin, TH Wildau;;;;
Wildau_1;true;Richard-Sorge-Straße L401;Sicherer Anschluss nach Liederlehme;Radwegeführung von Wildau Richtung Niederlehme mit großen Umwegen und zweimaliger Kreuzung der vielbefahrenenen L401/L30 (unattraktiv und gefährlich: verzeichnete Unfälle);"Rad-LSA-Erweiterung Richtung Niederlehme und Verbreiterung Radweg von 1,5 auf 3 m auf 170 m Länge

Vrsl. nur ca. 12 x 1,5 m Flächenbedarf an Flurstück eines Privateigentümers, auf das ggf. verzichtet werden kann. Überwiegend Eigentümer Bund (?) und Land; Straßenverkehrsbehörde LDS müsste einer Erweiterung der LSA zustimmen; LS BB offen für Veränderungen, wenn LDS zustimmt und Wildau Kosten trägt.

Rad AG 14.03.23: LDS - Landesbetrieb Straßenwesen muss zunächst eine Berechnung durchführen, wie und mit welchen Auswirkungen eine LSA-Erweiterung erfolgen kann. Zudem wird ein Austausch zwischen LS, LDS und Stadt Wildau dringend angeraten, um das Projekt voranzubringen.";neubau-wegeinfrastruktur;;;neubau-wegeinfrastruktur;;untersuchung-und-planung-erforderlich;in-planung;sehr-hoch;;6/30/26;2-5 Jahre;; 	22.000 ;"Radweg: 22.000 € (225 m²), LSA: unbekannt

BMU-Kommunalrichtlinie (65 %)";;land-brandenburg;;;land-brandenburg;wildau;Stadt Wildau (Finanzierung Planung und Bau), Bund (Gestattungsvertrag Flächennutzung), Land (Gestattungsvertrag Flächennutzung), Privateigentümer (Gestattungsvertrag Flächennutzung oder Ankauf);;0;;
Wildau_2;true;Richard-Sorge-Straße 1;Querungsinsel am Ortseingang;"Querungsinsel der viel befahrenen L401 im Tempo 50 Bereich; dort müssen alle Radfahrer gen Süden kreuzen, zusätzlich Nutzer*innen der Kita-Außenstelle";Vergrößerung des Tempo 30 Bereich durch Versetzung des südlichen Tempo 30 Schildes (Kita 6-18) in Richtung Süden, VOR die Querungshilfen;anordnung-and-verkehrslenkung;;;anordnung-and-verkehrslenkung;;untersuchung-und-planung-erforderlich;idee;mittel;;;;;;;;landkreis-dahme-spreewald;;;landkreis-dahme-spreewald;wildau;LDS Straßenverkehrsbehörde;;0;;
Wildau_3;true;Höhe Friedrich-Engels-Straße 78 / Stichkanal;Querungshilfe vor dem Aldi;"Viel befahrene L401, aber keine sichere Querungsmöglichkeit für Fußgänger (viele Senioren!) und Radfahrer; nächste Möglichkeiten 350 m südlich bzw. 290 m nördlich; ohne sichere Querungsmöglichkeiten in akzeptabler Reichweite wird illegales Linksfahren befördert";"Einrichtung Querungsinsel, Zebrastreifen oder Fußgänger-LSA

Stadt Wildau: Hierzu wurde bereits in 2017 der Landesbetrieb angefragt.
Antwort: Prinzipiell möglich, vier Bäume müssten gefällt werden, Prüfung der Sichtweiten, ist der Standort der vorhandenen Bushaltstelle zur geplanten Querungshilfe sinnvoll?
Die Kosten wären durch die Stadt zu tragen, die Unterhaltung der Mittelinsel bliebe beim LS und wäre abzulösen.";ausbau-wegeinfrastruktur;;;ausbau-wegeinfrastruktur;;;zurueckgestellt;mittel;;6/30/26;2-5 Jahre;;;;;land-brandenburg;;;land-brandenburg;wildau;Landesbetrieb Straßenwesen, LDS Straßenverkehrsbehörde;;0;;
Wildau_4;true;Friedrich-Engels-Straße 79 (Radweg westliche Straßenseite);Gehwegertüchtigung Friedrich-Engels-Straße;Betonsteinpflaster an einigen Stellen schadhaft / stark uneben: Sturzgefahr an einem Hydranten, Nutzung unattraktiv;Reparatur;ausbau-wegeinfrastruktur;;;ausbau-wegeinfrastruktur;;mit-eigenmitteln-umsetzbar;abgeschlossen;hoch;;;;; 	2.000 ;;;wildau;;;wildau;wildau;Stadt Wildau (Tiefbau);;0;;
Wildau_5;true;Friedrich-Engels-Straße / Freiheitstraße;Friedrich-Engels-Straße: Linksabbieger zur Bahnquerung;"Aktuell keine Möglichkeit für Radfahrer auf dem Hochbord (aktuell hier: Gehweg/Rad frei), sich auf die Straße zum Linksabbiegen einzuordnen; auch indirektes Linksabbiegen hinter der Kreuzung aufgrund mangelnder Aufstellflächen derzeit nicht möglich; Folge: Radfahrer müssen vor Kreuzung absteigen und über die Querungsinsel bei Janny's Eis, danach illegales Linksfahren über den Bahnübergang und weiter";"Einrichtung von Linksabbiege-Einfädelung (Bordsteinabsenkung und Wegemarkierungen) aus Friedrich-Engels-Straße (von Süden kommend) Richtung Freiheitstraße / Bahnübergang; alternativ: Aufstellflächen am Albert-Lemaire-Platz und zusätzliche Querungsinsel für indirektes Abbiegen

Sofern Dahme-Nordufer bebaut werden sollte, würde hier eine LSA benötigt werden; lohnt sich daher eine teure Zwischenlösung?

Stadt Wildau: Hierzu können auf Arbeitsebene derzeit keine weitere Angaben gemacht werden.";ausbau-wegeinfrastruktur;;;ausbau-wegeinfrastruktur;;untersuchung-und-planung-erforderlich;idee;hoch;;6/30/26;2-5 Jahre;;;ca. 20000€ (?);;land-brandenburg;;;land-brandenburg;wildau;Landesbetrieb Straßenwesen, LDS Straßenverkehrsbehörde;;0;;
Wildau_6;true;Freiheitstraße 124-126 (Südseite);Freiheitstraße: Linksabbieger in Birkenallee;"Aktuell keine Möglichkeit für Radfahrer auf dem Hochbord, sich auf die Straße zum Linksabbiegen einzuordnen; entweder müssen Radfahrer schon frühzeitig auf die viel befahrene Straßen ""runter"" oder hinter der Kreuzung (kurz vor BÜ) absteigen und als Fußgänger queren mit entsprechend langen Wartezeiten und Unfallgefährdung";"Einrichtung von Linksabbiege-Einfädelung (Bordsteinabsenkung und Wegemarkierung) aus Freiheitstraße (von Westen kommende) Richtung Birkenallee

Stadt Wildau: Hierzu können auf Arbeitsebene derzeit keine weitere Angaben gemacht werden, siehe Punkt 5.";ausbau-wegeinfrastruktur;;;ausbau-wegeinfrastruktur;;untersuchung-und-planung-erforderlich;idee;hoch;;6/30/26;2-5 Jahre;;;ca. 20000€ (?);;wildau;;;wildau;wildau;Stadt Wildau;;0;;
Wildau_7a;true;Freiheitstraße 98 - 101 (Südseite);Freigabe des Radwegs am Gesundheitszentrum;"Beschilderung in diesem kurzen Abschnitt aktuell ausschließlich als Gehweg (Zeichen 239) trotz ausreichender Breite (2,90 m) für gemeinsamen Geh- und Radweg (Zeichen 240, Mindestanforderung 2,50 m), getrennten Geh-/Radweg (Zeichen 241, Mindestbreite Radweg 1,50 m, Trennstrich notwendig) bzw. Gehweg / Rad frei (Zeichen 239 + Zusatzzeiche 1022-20) und entsprechender Ausweisung davor und dahinter; wichtiger hoch frequentierter Schulweg, alternatives Fahren auf der Fahrbahn aufgrund hoher Verkehrsbelastung nur für geübte und selbstbewusste Radler";"Änderung der Beschilderung, damit Radfahrer dort nicht mehr illegal auf dem Hochbord fahren

Beschilderung ""nur Gehweg"" wurde durch die Straßenverkehrsbehörde vermutlich aufgrund der Gefällestrecke und der Bushaltestelle eingerichtet; in der Praxis hält sich aber niemand (aus gutem Grund) daran

Stadt Wildau: von Jahnstraße bis Einmündung Garagenkomplex: Gehweg ‚Radfahrer frei‘
von Garagenkomplex bis Kita: ausschließlich Gehweg; Radfahrer sollen auf Fahrbahn; auf Grund des Gefälles käme es evtl. zu einer Gefährdung der Fußgänger
ab Kita: Gehweg ‚Radfahrer frei‘; Radfahrer sollen nicht auf die Fahrbahn gezwungen werden (Abwägung Kita / Radfahrer); hierzu fanden zahlreiche Termine u.a. auch mit der Polizei statt  ";ausbau-wegeinfrastruktur;;;ausbau-wegeinfrastruktur;;mit-eigenmitteln-umsetzbar;in-planung;hoch;;12/31/25;1-2 Jahre;; 	500 ;;;wildau;;;wildau;wildau;LDS Straßenverkehrsbehörde;;0;;
Wildau_7b;true;Freiheitstraße 98 - 101 (Südseite);Bordsteinabsenkung am Gesundheitszentrum;Absätze der Bordsteinkanten an Einmündungen vom / zum Gesundheitszentrum (im roten Betonsteinpflaster): unattraktiv für Radler;"Bordsteinabsenkungen durch Abfräsen auf voller Breite realisieren (langfristig: Austausch gegen abgesenkte, taktile Begrenzungen wie z.B. am Knoten Bergstr./Dorfaue)

Stadt Wildau: Die Borde sollen im Bereich des roten Pflasters nicht abgefräst werden, da dieser Bereich eben nicht für Radfahrer bestimmt ist. Seinerzeit wurden extra die Fahrradpiktogramme entfernt. ";ausbau-wegeinfrastruktur;;;ausbau-wegeinfrastruktur;;mit-eigenmitteln-umsetzbar;in-planung;mittel;;12/31/25;1-2 Jahre;;;in Eigenleistung;0;wildau;;;wildau;wildau;Stadt Wildau (Tiefbau);;0;;
Wildau_8a;true;Freiheitstraße / Jahnstraße;Sicherer Knotenpunt Freiheitstraße/Jahnstraße;"Installation einer dreiseitigen Vollsignalisierung am Knotenpunkt; alternativ: Zebrastreifen

Verkehrserhebung notwendig zusammen mit Maßnahme Nr. 9a: Knotenstromzählung / wären 2 LSA vom Abstand her vertretbar?

Stadt Wildau: Muss separat untersucht werden.";"Installation einer dreiseitigen Vollsignalisierung am Knotenpunkt; alternativ: Zebrastreifen

Verkehrserhebung notwendig zusammen mit Maßnahme Nr. 9a: Knotenstromzählung / wären 2 LSA vom Abstand her vertretbar?

Stadt Wildau: Muss separat untersucht werden.";ausbau-wegeinfrastruktur;;;ausbau-wegeinfrastruktur;;untersuchung-und-planung-erforderlich;idee;sehr-hoch;;6/30/26;2-5 Jahre;;;MIL Förderprogramm Schul- und Spielwegesicherung Land Brandenburg;;wildau;;;wildau;wildau;LDS Straßenverkehrsbehörde;;0;;
Wildau_8b;true;Jahnstraße (Westseite) zwischen Freiheitstraße und Geschwister-Scholl-Straße;Ausbau des Gehwegs in der Jahnstraße;"Bislang nur ein Gehweg in baulich schlechtem Zustand; zentraler Schulweg; aktuell fahren Schulkinder die Freiheitstraße ab Gesundsheitszentrum und die Jahnstraße auf der linken Seite";"Ausbau des bisherigen Gehwegs zu einem getrennten Geh- und Radweg , d.h. Radweg min. 1,5 m Breite, aber nicht benutzungspflichtig, da Tempo 30 Zone

Stadt Wildau: Muss separat untersucht werden.";ausbau-wegeinfrastruktur;;;ausbau-wegeinfrastruktur;;mit-eigenmitteln-umsetzbar;idee;hoch;;6/30/26;2-5 Jahre;;;BMU-Kommunalrichtlinie (65 % Förderung);;wildau;;;wildau;wildau;Stadt Wildau;;0;;
Wildau_9a;true;Freiheitstraße / Fichtestraße;Ampel an Friedenstraße/Fichtestraße;"Zentraler und hochfrequentierter Schulweg-Knotenpunkt; derzeit nur eine Relation abgesichert, führt zu irregulärem Linksfahren und Konflikten; Konflikte werden sich mit Ausbau des nördlich gelegenen Wohngebietes noch verschärfen";"Umbau der bestehenden Fußgängerampel zu einer vierseitigen Vollsignalisierung

Verkehrserhebung notwendig zusammen mit Maßnahme Nr. 8a: Knotenstromzählung / wären 2 LSA vom Abstand her vertretbar?

Stadt Wildau: siehe städtebaulicher Vertrag zum B-Plan Röthegrund 5. Änderung – Finanzierung LSA vierseitig Freiheitstraße/Fichtestraße durch die Stadt Wildau";ausbau-wegeinfrastruktur;;;ausbau-wegeinfrastruktur;;untersuchung-und-planung-erforderlich;idee;sehr-hoch;;6/30/26;2-5 Jahre;;;MIL Förderprogramm Schul- und Spielwegesicherung Land Brandenburg;;wildau;;;wildau;wildau;LDS Straßenverkehrsbehörde;;0;;
Wildau_9b;true;Freiheitstraße / Fichtestraße;Ausbau des Knotenpunkts Friedenstraße/Fichtestraße;"Zentraler und hochfrequentierter Schulweg-Knotenpunkt; derzeit viel zu geringe Aufstellflächen für Fußgänger und Radler mit Hindernissen; Relation Fichtestraße Richtung Norden nicht ausgebaut";"Umbau / Ausbau der Geh- und Radwegfurten in alle vier Quadranten im Kreuzungsbereich und mit größeren Aufstellflächen

Stadt Wildau: siehe Punkt 9a";ausbau-wegeinfrastruktur;;;ausbau-wegeinfrastruktur;;untersuchung-und-planung-erforderlich;idee;sehr-hoch;;6/30/26;2-5 Jahre;;;MIL Förderprogramm Schul- und Spielwegesicherung Land Brandenburg;;wildau;;;wildau;wildau;LDS Straßenverkehrsbehörde;;0;;
Wildau_10;true;Fichtestraße 105-103 (Westseite);Ausbau des Gehwegs in der Fichtestraße (bei Bushaltestellen);"Zentraler hochfrequentierter Schulweg (der auch von Radlern genutzt wird); katastrophaler Gehwegzustand (Oberfläche, Breite) mit regelmäßigen Konflikten, schlechte Wegeführung an Bushaltestelle";"Partielle Verbreiterung des Gehwegs, Veränderung der Wegeführung an der Bushaltestelle

Stadt Wildau: Erneuerung erfolgt im Zusammenhang mit dem Grundschulcampus";ausbau-wegeinfrastruktur;;;ausbau-wegeinfrastruktur;;untersuchung-und-planung-erforderlich;idee;hoch;;6/30/26;2-5 Jahre;; 	30.000 ;< 30.000 €, ggf. Sponsoring;;wildau;;;wildau;wildau;WiWo, WGW (ggf. Grundstücksbeteiligung für Wegeverbreiterung notwendig - Gestattungsvertrag bzw. Sponsoring?);;0;;
Wildau_11;true;Fichtestraße 105 (Ostseite);Bordsteinabsenkungen in der Fichtestraße;"Zentraler hochfrequentierter Schulweg (der auch von Radlern genutzt wird); Ein-und Ausfahrt zum ehemaligen Wildau-Center mit jeweils hohen Bordsteinabsätzen, die Querung für Fußgänger und Radler unattraktiv machen";"Absenkungen der vier Bordsteinkanten

Stadt Wildau: Erneuerung erfolgt im Zusammenhang mit dem Grundschulcampus";ausbau-wegeinfrastruktur;;;ausbau-wegeinfrastruktur;;untersuchung-und-planung-erforderlich;idee;mittel;;12/31/25;1-2 Jahre;;;< 5.000 € ggf. Realisierung in Eigenleistung;;wildau;;;wildau;wildau;Stadt Wildau (Tiefbau);;0;;
Wildau_12;true;Fichtestraße 111 (Westseite);Bordsteinabsenkungen in der Fichtestraße (gegenüber von Rewe);Zu schmaler Gehweg, Konflikte mit Fußverkehr;"Verbreiterung des Gehwegs

Stadt Wildau: Muss separat untersucht werden.";ausbau-wegeinfrastruktur;;;ausbau-wegeinfrastruktur;;untersuchung-und-planung-erforderlich;idee;hoch;;6/30/26;2-5 Jahre;; 	20.000 ;< 20.000 €;;wildau;;;wildau;wildau;WiWo (ggf. Grundstücksbeteiligung für Wegeverbreiterung notwendig - Gestattungsvertrag bzw. Sponsoring?);;0;;
Wildau_13;true;Freiheitstaße 8;Freiheitstraße: Querungsinsel in Ortslage;Keine gesicherte Querungsmöglichkeit auf Höhe der neuen Kita;"Bau einer gesicherten Straßenquerung: Querungsinsel, Zebtrastreifen, Fußgänger-LSA

Frage an Straßenverkehrsbehörde: Könnte gesamte Freiheitstraße Tempo 30 Zone (Begleitmaßnahme) werden, wenn sich SVV dafür ausspricht?";ausbau-wegeinfrastruktur;;;ausbau-wegeinfrastruktur;;untersuchung-und-planung-erforderlich;idee;sehr-hoch;;6/30/26;2-5 Jahre;;;MIL Förderprogramm Schul- und Spielwegesicherung Land Brandenburg;;wildau;;;wildau;wildau;LDS Straßenverkehrsbehörde;;0;;
Wildau_14;true;Röntgenstraße / Schertlingstraße;Röntgenstraße: Freigabe in Gegenrichtung;Einbahnstraße in Richtung Westen für Radler nicht nutzbar;"Einbahnstaße für Radler Richtung Westen öffen (Zusatzzeichen 1022-10)

Stadt Wildau: wegen hohem Unfallpotential erfolgte hierfür die Zusatzbeschilderung 1022-10 nicht";ausbau-wegeinfrastruktur;;;ausbau-wegeinfrastruktur;;kurzfristig-umsetzbar;in-umsetzung;mittel;;12/31/25;1-2 Jahre;; 	500 ;< 500 €;;wildau;;;wildau;wildau;LDS Straßenverkehrsbehörde;;0;;
Wildau_15a;true;Freiheitstraße;Radwegfuhrten in der Freiheitstraße;Gefährdung von Radfahrenden an einmündenden Straßen / Zufahrten (16 Stück im Straßenverlauf), z.B. Unfall 09/2021 auf Höhe Gesundheitszentrum;"Rotmarkierung der Radwegefurten an Einmündungen (Beispiel Bergstraße/Kirchstraße)

Ausweisung von eingefärbten Radwegefurten bei Zeichen 239 (Gehweg) / Zusatzzeichen 1022-10 (""Rad frei"") möglich? Oder wären vorher andere Beschilderungen vonnöten? / Studienlage: https://www.infravelo.de/gruenbeschichtungen/begleituntersuchung/

Stadt Wildau: Wurde bereits bei der Straßenverkehrsbehörde angefragt, Entscheidung steht noch aus ";anordnung-and-verkehrslenkung;;;anordnung-and-verkehrslenkung;;abhaengig-von-anderen-akteuren;idee;hoch;;12/31/25;1-2 Jahre;;;;;wildau;;;wildau;wildau;Stadt Wildau;;0;;
Wildau_15b;true;Kreisverkehr Freiheitstraße / Miersdorfer Straße / Dorfaue / Röntgenstraße;Radwegfuhrten am Kreisverkehr  Miersdorfer Straße;Gefährdung von Radfahrenden durch Zweirichtungsverkehr am Kreisel;"Rotmarkierung der Radwegefurten, Erwägung Zebrastreifen

Unterstützung durch NUDAFA-Vorhaben, TH Wildau und/oder Straßenverkehrsbehörde LDS für bessere Ausweisung dringend erwünscht!

Stadt Wildau: Evtl. erfolgt durch den in 2022 zu realisierenden Gehweg ‚Radfahrer frei‘  auf der gegenüberliegenden Seite eine Änderung bzgl. Zweirichtungsverkehr im Bestand.";anordnung-and-verkehrslenkung;;;anordnung-and-verkehrslenkung;;abhaengig-von-anderen-akteuren;idee;sehr-hoch;;6/30/26;2-5 Jahre;;;;;wildau;;;wildau;wildau;LDS Straßenverkehrsbehörde;;0;;
Wildau_15c;true;Richard-Sorge-Straße, Karl-Marx-Straße, Friedrich-Engels-Straße;Radwegfuhrten in diversen Straßen;Gefährdung von Radfahrenden an einmündenden Straßen / Zufahrten (ca. 10 Stück im Straßenverlauf);"Rotmarkierung der Radwegefurten an Einmündungen (Beispiel Bergstraße/Kirchstraße)

Ausweisung von eingefärbten Radwegefurten bei Zeichen 239 (Gehweg) / Zusatzzeichen 1022-10 (""Rad frei"") möglich? Oder wären vorher andere Beschilderungen vonnöten? / Studienlage: https://www.infravelo.de/gruenbeschichtungen/begleituntersuchung/

Stadt Wildau: Wurde bereits bei der Straßenverkehrsbehörde angefragt, Entscheidung steht noch aus.";anordnung-and-verkehrslenkung;;;anordnung-and-verkehrslenkung;;abhaengig-von-anderen-akteuren;idee;sehr-hoch;;12/31/25;1-2 Jahre;;;;;wildau;;;wildau;wildau;Stadt Wildau;;0;;
Wildau_15d;true;Miersdorfer Straße (K6160);Radwegfuhrten in der Mirsdorfer Straße;Gefährdung von Radfahrenden an einmündenden Straßen / Zufahrten (3 Stück im Straßenverlauf);"Rotmarkierung der Radwegefurten an Einmündungen (Beispiel Bergstraße/Kirchstraße)

Ausweisung von eingefärbten Radwegefurten bei Zeichen 239 (Gehweg) / Zusatzzeichen 1022-10 (""Rad frei"") möglich? Oder wären vorher andere Beschilderungen vonnöten? / Studienlage: https://www.infravelo.de/gruenbeschichtungen/begleituntersuchung/

Stadt Wildau: Wurde bereits bei der Straßenverkehrsbehörde angefragt, Entscheidung steht noch aus.";anordnung-and-verkehrslenkung;;;anordnung-and-verkehrslenkung;;abhaengig-von-anderen-akteuren;idee;sehr-hoch;;12/31/25;1-2 Jahre;;;;;landkreis-dahme-spreewald;;;landkreis-dahme-spreewald;wildau;Stadt Wildau;;0;;
Wildau_16;true;Miersdorfer Straße (Westseite) zwischen Am Friedhof und Kreisverkehr;Anschluss Mirsdorfer Straße an Kreisverkehr;Fehlender Geh-/Radweg auf Westseite, keine gesicherten Querungsmöglichkeiten, Konflikte durch zu schmalen Zweirichtungsradweg auf Ostseite und in der Folge am Kreisverkehr;"Neubau Geh- und Radweg auf 140 m, Errichtung Querungsinsel um Zweirichtungsradverkehr ab Einmündung Am Friedhof Richtung Süden aufzulösen und Situation am Kreisverkehr zu entschärfen. 

Soll laut Stadtverwaltung in 2022 gebaut werden.";neubau-wegeinfrastruktur;;;neubau-wegeinfrastruktur;;mit-eigenmitteln-umsetzbar;abgeschlossen;hoch;;12/31/30;6-10 Jahre;;;BMU-Kommunalrichtlinie (65 %);;landkreis-dahme-spreewald;;;landkreis-dahme-spreewald;wildau;Stadt Wildau;;0;;
Wildau_17;true;Miersdorfer Straße (Westseite) zwischen Ortsgrenze Zeuthen und Am Friedhof;Anschluss Mirsdorfer Straße nach Zeuthen;Fehlender Geh-/Radweg auf Westseite, keine gesicherten Querungsmöglichkeiten, Konflikte durch zu schmalen Zweirichtungsradweg auf Ostseite und in der Folge am Kreisverkehr;"Neubau Geh- und Radweg auf 800 m Länge; zuvor Flächensicherung";neubau-wegeinfrastruktur;;;neubau-wegeinfrastruktur;;untersuchung-und-planung-erforderlich;in-vorbereitung;hoch;;12/31/23;Fertigstellung bis Q1/2023;;;BMU-Kommunalrichtlinie (65 %) / Kreis-Strukturfonds LDS;;landkreis-dahme-spreewald;;;landkreis-dahme-spreewald;wildau;Stadt Wildau, private Flächeneigentümer;;0;;
Wildau_18a;true;Dorfaue 3 (Westseite);Anschluss an Dorfaue;Fehlender Geh-/Radweg;"Pflasterung auf 10 m und Ausbesserung auf 15 m

Soll laut Stadtverwaltung in 2022 gebaut werden";ausbau-wegeinfrastruktur;;;ausbau-wegeinfrastruktur;;mit-eigenmitteln-umsetzbar;abgeschlossen;hoch;;12/31/25;1-2 Jahre;; 	20.000 ;;;wildau;;;wildau;wildau;;;0;;
Wildau_19a;true;Dorfaue (Ostseite, zwischen Lidl-Markt und Bergstraße);Dorfaue am Lidl: Ausbau des Radwegs;kritischer Bereich durch Zweirichtungsverkehr, Geh-/Radweg wird durch Grasnarbe in effektiver Breite um 20-30 cm geschmälert;"Entfernung des Zweirichtungsradverkehrs zwischen Kreisel und Einmündung Bergstraße, wenn Maßnahmen 15b, 19b und 19c realisiert sind; kurzfristig: Entfernung der Grasnarbe in Randbereichen; 

Stadt Wildau: Muss separat untersucht werden.";neubau-wegeinfrastruktur;;;neubau-wegeinfrastruktur;;untersuchung-und-planung-erforderlich;idee;hoch;;6/30/26;2-5 Jahre;;;;0;wildau;;;wildau;wildau;Bauhof;;0;;
Wildau_19b;true;Dorfaue 5 - 13 (Westlicher Flügel);Dorfaue als Fahrradstraße;Fehlende Radverkehrsanlage auf westlicher Dorfaue;"Markierung Fahrradstraße / KfZ frei;  Beschilderung einer neuen Wegeführung zur Goethebahn über bestehende Fußgänger-LSA am Knotenpunkt Dorfaue/Bergstraße

Stadt Wildau: Muss separat untersucht werden.";ausbau-wegeinfrastruktur;;;ausbau-wegeinfrastruktur;;untersuchung-und-planung-erforderlich;idee;hoch;;12/31/25;1-2 Jahre;; 	5.000 ;;;wildau;;;wildau;wildau;Stadt Wildau;;0;;
Wildau_19c;true;"Dorfaue (Ostseite, vor neuem ""Apartmenthaus"")";Dorfaue: Freigabe es Radwegs in beide Richtungen und Ausbau;Aktuell keine regelkonforme Lösung für Radler die von Westseite der Dorfaue kommend zur Goethebahn wollen;"Verbreiterung des Geh-/Radwegs, um hier einen Zweirichtungsverkehr zur Goethebahn zu ermöglichen, ggf. Anlage einer Direktzuführung zur Goethebahn und ggf. Fällung eines Straßenbaumes (Linde)

Stadt Wildau: Muss separat untersucht werden.";ausbau-wegeinfrastruktur;;;ausbau-wegeinfrastruktur;;untersuchung-und-planung-erforderlich;idee;mittel;;6/30/26;2-5 Jahre;; 	25.000 ;;;wildau;;;wildau;wildau;Stadt Wildau;;0;;
Wildau_20;true;Goethebahn (Nördliches Ende);Umlaufsperre Dorfaue;Umlaufsperre unnötiges Hinderniss für Radfahrende;"Abbau und Ersatz durch klappbaren und reflektierenden Poller als Modalfilter

Stadt Wildau: Umlaufsperre verhindert die unerlaubte Nutzung durch PKW am effektivstem.";fahrradparken-and-service;;;fahrradparken-and-service;;mit-eigenmitteln-umsetzbar;in-planung;mittel;;12/31/25;1-2 Jahre;;;;0;wildau;;;wildau;wildau;;;0;;
Wildau_21a;true;Bergstraße (Westseite);Piktogrammkette auf Bergstraße;Fehlende Radverkehrsanlage auf westlicher Bergstraße, große Gefährdung bei Fahrbahnnutzung oder illegaler Befahrung des linksseitigen Radwegs;"Fahrradpiktogramme auf der Fahrbahn aufbringen und Tempo 30 zwischen Stolze-Schrey-Straße und Kirchstraße anordnen (Übergangslösung bis baulicher Radweg vorhanden)

Stadt Wildau: Die Bergstraße wurde mit Fördermitteln ausgebaut. Eine Reduzierung auf 30km/h ist bei Hauptverkehrsstraßen lediglich im Ausnahmefall erlaubt, um die Förderung nicht nachträglich zu gefährden. ";ausbau-wegeinfrastruktur;;;ausbau-wegeinfrastruktur;;abhaengig-von-anderen-akteuren;idee;hoch;;12/31/25;1-2 Jahre;; 	5.000 ;;;wildau;;;wildau;wildau;LDS Straßenverkehrsbehörde;;0;;
Wildau_21b;true;Bergstraße (Westseite);Variantenuntersuchung Bergstraße;Fehlende Radverkehrsanlage auf westlicher Bergstraße, große Gefährdung bei Fahrbahnnutzung oder illegaler Befahrung des linksseitigen Radwegs;"Variante 1) Fahrbahnbegleitenden Radweg auf Westseite bauen (Prüfung Umsetzbarkeit Altplanung); Variante 2: Fahrbahnerneuerung Kirchstraße + Einrichtung Fahrradstraße

Stadt Wildau: Ursprünglich war auf der westlichen Straßenseite ein Radweg geplant. Im Vorfeld hätten jedoch die dortigen Bäume gefällt werden müssen. Gemäß richterlichem Beschluss wurde der Stadt Wildau die Fällung der Bäume und damit die Realisierung dieses Radweges untersagt.";neubau-wegeinfrastruktur;;;neubau-wegeinfrastruktur;;untersuchung-und-planung-erforderlich;idee;hoch;;12/31/30;6-10 Jahre;;;"Kosten: unbekannt, je nach Variante unterschiedlich

BMU-Kommunalrichtlinie (65 %)";;wildau;;;wildau;wildau;Stadt Wildau, LDS Naturschutz,….;;0;;
Wildau_23a;true;Birkenallee;Piktogrammkette auf Birkenallee;Gefährdungen der Radfahrer*innen (Schulweg für Waldsiedlung) aufgrund zu hoher Kfz-Geschwindkeiten trotz Tempo 30 Zone, keine eigenständiger Radverkehrsanlagen aufgrund geringem Straßenquerschnitt und Tempo 30 Zone;"Versuchsweise Markierung von Fahrrad-Piktogrammen im Straßenverlauf und Sägezahn-Haltelinien an 9 Kreuzungen zur Verdeutlichung des vorkommenden Radverkehrs (Beachtung und Akzeptanz) und zur Visualisierung der Vorfahrtsverhältnisse (Geschwindigkeit an Kreuzungen)

Stadt Wildau: Muss noch mit der Straßenverkehrsbehörde abgestimmt werden.";ausbau-wegeinfrastruktur;;;ausbau-wegeinfrastruktur;;abhaengig-von-anderen-akteuren;idee;mittel;;12/31/25;1-2 Jahre;; 	10.000 ;;;wildau;;;wildau;wildau;ggf. LDS Straßenverkehrsbehörde;;0;;
Wildau_23b;true;Birkenallee (Westseite) zwischen Wildbahn und Freiheitstraße);Lückenschuss Geh- und Radweg in der Birkenallee;"Aktuell kein befestiger Weg für Fußgänger und Radler auf dem Seitenstreifen; Kfz-Verkehr auf südlicher Birkenallee mitunter recht stark, mit Busverkehr und unübersichtlich bei Schrankenschließung und Rückstau";"Neuanlage eines getrennten Geh- und Fußwegs auf ca. 120 m (Zeichen 241), Breite 3 m

Stadt Wildau: Muss separat untersucht werden.";ausbau-wegeinfrastruktur;;;ausbau-wegeinfrastruktur;;untersuchung-und-planung-erforderlich;idee;hoch;;6/30/26;2-5 Jahre;; 	35.000 ;BMU-Kommunalrichtlinie (65 %);;wildau;;;wildau;wildau;;;0;;
Wildau_24;true;Ortsgrenze Zeuthen - Ortsgrenze Königs Wusterhausen;Nord-Süd-Achse in Ortslage;Fehlende Radwege-Direktverbindung Nord-Südachse in zentraler Ortslage;"Neubau Bahnradweg Eichwalde - Zeuthen - Wildau - KW auf Westseite der Bahnlinie (hohe Wegequalität, ohne Höhenunterschiede, straßenfern und wenige Kreuzungspunkte mit Kfz-Verkehr)

Federführung durch Stadt KW, 2022: Ausschreibung der Planungsphasen 1-3 HOAI geplant und gefördert vom Kreis-Strukturfonds LDS.

Stadt Wildau: Die Vereinbarung mit Eichwalde, Zeuthen und Königs Wusterhausen wurde in der SVV am 27.09.2022 beschlossen. Zwischenzeitlich befindet sich die Vereinbarung in der Unterschriftenrunde. Die Stadt Königs Wusterhausen wird die Ausschreibung der Lph 1-3 noch in 2022 ausschreiben und hat mit Schreiben vom 15.11.2022 den Antrag auf Fristverlängerung bis zum 31.03.2024 gestellt, damit die Fördermittel durch den Landkreis entsprechend  übertragen werden. ";neubau-wegeinfrastruktur;;;neubau-wegeinfrastruktur;;komplexe-investitionsmassnahme;in-planung;sehr-hoch;;12/31/30;6-10 Jahre;;;diverse, u.a. LDS Kreis-Strukturfonds;80;wildau;;;wildau;wildau;Grundstückseigentümer*innen, (Königs Wusterhausen, Zeuthen, Eichwalde);;0;;
Wildau_25;true;S-Bahnhof Wildau;Ausbau Bike&Ride am S-Bahnhof;"Keine sichere, zugriffsgeschütze Bike+Ride Abstellmöglichkeiten für wertvollere Fahrräder am Bahnhof (Bedarf s. VBB Studie; S8-Verlängerung bis Wildau in 10/2022)";"Errichtung von Fahrrradboxen oder einer Sammelschließanlage im direkten Bahnhofsumfeld

Stadt Wildau: Muss separat untersucht werden.
Hinweis: Der ADAC hatte in 2022 mitgeteilt, dass auf der Ostseite eine Reparaturservicestelle eingerichtet wird.";fahrradparken-and-service;;;fahrradparken-and-service;;untersuchung-und-planung-erforderlich;idee;hoch;;6/30/26;2-5 Jahre;;;"je nach Variante und Ausmaß; z.Bje nach Variante und Ausmaß; z.B. Bike&Ride-Boxen der Fa. Kienzler kosten aktuell 37 TEUR netto (12 Stück, davon 6 mit Lademöglichkeit für Pedelecs, inkl. Zugangssystem). . Bike&Ride-Boxen der Fa. Kienzler kosten aktuell 37 TEUR netto (12 Stück, davon 6 mit Lademöglichkeit für Pedelecs, inkl. Zugangssystem)BMU-Kommunalrichtlinie (65 %), MIL Förderung";;wildau;;;wildau;wildau;Flächeneigentümer, Stadt Wildau, Hochschule, ggf. weitere Akteure wie z.B. Studentenwerk Potsdam;;0;;
Wildau_26;true;Ortsgrenze Zeuthen (Springfeldallee) - Ortsgrenze Königs Wusterhausen (A10 Center/Funkerberg);Anschluss an das A10-Center und Funkerberg;Fehlende Radwege-Direktverbindung Nord-Südachse in zentraler westlicher Ortslage;"Entwicklung einer durchgehenden sicheren Radverkehrsachse (Schulweg) von Nord nach Süd über Springfeldallee, Sanddornweg, Fichtestraße (Grundschule!, hier grundsätzlicher Umbau notwendig) und weiter Richtung A10 Center und KW/Funkerberg-Campus; Maßnahmen 9-12 als Teilstücke bereits enthalten

Stadt Wildau: Muss separat untersucht werden.";planung-and-untersuchung;;;planung-and-untersuchung;;untersuchung-und-planung-erforderlich;idee;hoch;;12/31/30;6-10 Jahre;;;BMU-Kommunalrichtlinie, Schulwegsicherung Brandenburg;;wildau;;;wildau;wildau;diverse;;0;;
Wildau_27;true;BER - Wildau - Königs Wusterhausen (u.a. an L400);Radschnellweg KW-BER;Fehlende Radverbindung KW <> BER <> Berlin;"Bau eines Schnellradweges zwischen den Mittelzentren / im Regionalen Wachstumskern Schönefelder Kreuz

Stadt Wildau: Planung durch den Landkreis beauftragt, Planung in der Realisierung";neubau-wegeinfrastruktur;;;neubau-wegeinfrastruktur;;komplexe-investitionsmassnahme;in-planung;hoch;;12/31/30;6-10 Jahre;;;Anteil Wildau ?;;landkreis-dahme-spreewald;;;landkreis-dahme-spreewald;wildau;diverse;;0;;
Zeuthen_1-1;true;Entlang der Bahntrasse;Neubau interkommunaler Radweg;"Klärung Trassenführung erforderlich; enge Abstimmung zwischen den Kommunen erforderlich; Planung: Förderung bis LP 3 HOAI über Kreisstrukturfonds LK D-S ab 2022";Interkommunale Radwegeverbindung  von Eichwalde über Zeuthen, Wildau bis Königs Wusterhausen möglichst als Radvorrangroute;neubau-wegeinfrastruktur;;;neubau-wegeinfrastruktur;;komplexe-investitionsmassnahme;in-planung;hoch;;12/31/25;1-2 Jahre;; 	1.800.000 ;;80;;;;;zeuthen;;;0;;
Zeuthen_1-2;true;Radweg entlang der Landesstaße L 402;Radweg entlang der Landesstaße L 402;"Betrifft Gemeinden Zeuthen und Schulzendorf; Planung: Förderung bis LP 3 HOAI über Kreisstrukturfonds LK D-S ab 2022; Baulastträger Land; Klärung der Finanzierung der weiteren Umsetzung erforderlich";Lückenschluss überörtl. Hauptradwegeverbindung;neubau-wegeinfrastruktur;;;neubau-wegeinfrastruktur;;komplexe-investitionsmassnahme;in-umsetzung;hoch;;12/31/25;1-2 Jahre;; 	1.700.000 ;;80;;;;;zeuthen;;;0;;
Zeuthen_1-3;true;Birkenallee zw. Waldpromenade und Forstallee;Ausbau Geh- und Radweg Birkenallee;Schülerverkehr;Zweirichtungs-Geh- und Radweg mit Beleuchtung;neubau-wegeinfrastruktur;;;neubau-wegeinfrastruktur;;komplexe-investitionsmassnahme;idee;hoch;;6/30/26;2-5 Jahre;; 	250.000 ;;;;;;;zeuthen;;;0;;
Zeuthen_1-4;true;Schulstraße  (zw. Schillerstraße und Alte Poststraße);Schulstraße als Fahrradstraße umwidmen;"Schülerverkehr; Abstimmung mit Busunternehmen erforderlich";Anpassungen Aufpflasterungen, Beschilderung, Markierungen;ausbau-wegeinfrastruktur;;;ausbau-wegeinfrastruktur;;mit-eigenmitteln-umsetzbar;in-planung;hoch;;6/30/26;2-5 Jahre;; 	80.000 ;;;;;;;zeuthen;;;0;;
Zeuthen_1-5;true;Forstallee;Forstallee: Radverkehr bei Neuplanung integrieren;"Planung ist beauftragt; innerhalb des Planverfahrens werden Optionen ""Gehweg/Radverkehr frei"" und Radverkehr auf Fahrbahn mit Beschränkung auf Tempo 30/Parkbeschränkg. (Prüfung Baumbestand/-entfernung/-neu- pflanzung)";Sicherung des Radverkehrs (Hauptradverkehrsverbindung inkl. Schülerverkehr);planung-and-untersuchung;;;planung-and-untersuchung;;untersuchung-und-planung-erforderlich;idee;hoch;;6/30/26;2-5 Jahre;;;;;;;;;zeuthen;;;0;;
Zeuthen_1-6;true;Radweg zwischen Am Papenberg und Am Mühlenberg;"Lückenschluss ""Am Mühlenberg""";Prüfung der Anbindung an die Schulzendorfer Straße;gemeinsamer Zweirichtungs-Geh-/Radweg auf kommunalem Grundstück als Lückenschluss im Radwegenetz;neubau-wegeinfrastruktur;;;neubau-wegeinfrastruktur;;mit-eigenmitteln-umsetzbar;idee;hoch;;6/30/26;2-5 Jahre;; 	80.000 ;;;;;;;zeuthen;;;0;;
Zeuthen_1-7;true;Teichstraße/Amselstraße;Teichstraße/Amselstraße - Einrichtung Fahrradstraße;"Straßenzug kürzlich ausgebaut; Abstimmung mit Straßenverkehrsbehörde erforderlich";"Beschilderung, Markierungen für Fahrradstraße mit ""Kfz frei""";anordnung-and-verkehrslenkung;;;anordnung-and-verkehrslenkung;;kurzfristig-umsetzbar;idee;mittel;;12/31/25;1-2 Jahre;;;;;;;;;zeuthen;;;0;;
Zeuthen_1-8;true;Kurt-Hoffmann-Straße;Gehwege Kurt-Hoffmann-Straße: Freigabe für den Radverkehr;Bestandteil hauptnetzergänzende Radverkehrsverbindung mit späterem Anschluss an die geplante Brückenverbindung Fährstraße (vgl. 1.19);"Beschilderung ""Gehweg/Radverkehr frei"" westlich Dahmeweg";anordnung-and-verkehrslenkung;;;anordnung-and-verkehrslenkung;;kurzfristig-umsetzbar;idee;mittel;;12/31/25;1-2 Jahre;;;;;;;;;zeuthen;;;0;;
Zeuthen_1-9;true;Donaustraße ;Gehwege Donaustraße: Freigabe für den Radverkehr;Verlängerung Verbindung Große Zeuthener Allee/Weserstraße nach Norden bis Hankelweg (vgl. 1.11);"Beschilderung ""Gehweg/Radverkehr frei""";anordnung-and-verkehrslenkung;;;anordnung-and-verkehrslenkung;;kurzfristig-umsetzbar;idee;mittel;;12/31/25;1-2 Jahre;;;;;;;;;zeuthen;;;0;;
Zeuthen_1-10;true;Hankelweg, (zw. Dorfstraße und Elbestraße);Gemeinsamer Geh- und Radweg im Hankelweg;"Ergänzung innerörtliches Hauptradwegenetz; Anbindung an den geplanten interkommunalen Radweg ""Achse westl. der Bahn""";Gemeinsamer Geh- und Radweg mit Beleuchtung;neubau-wegeinfrastruktur;;;neubau-wegeinfrastruktur;;komplexe-investitionsmassnahme;idee;mittel;;6/30/26;2-5 Jahre;; 	600.000 ;;;;;;;zeuthen;;;0;;
Zeuthen_1-11;true;Große Zeuthener Allee ;Große Zeuthener Allee - Zweirichtungsradweg (zw. Straße d. Freiheit u. Gemeindegrenze Wildau);innerörtliche Hauptradwegeverbindung;Gesonderter Zweirichtungs-Radweg außerhalb der Fahrbahn im Bereich des Grünstreifens mit südlichem Anschluss nach Wildau und nördlichem Anschluss an das Flussviertel (Weserstraße);neubau-wegeinfrastruktur;;;neubau-wegeinfrastruktur;;komplexe-investitionsmassnahme;idee;mittel;;6/30/26;2-5 Jahre;; 	450.000 ;;;;;;;zeuthen;;;0;;
Zeuthen_1-12;true;Miersdorfer Chaussee, Landesstraße L402 ab Querungshilfe Höhe Birkenalle im Süden bis Kreuzung Forstweg im Norden;Ausbau der Miersdorfer Chaussee, inkl. Querungsstellen;"Planung erforderlich mit Prüfung möglicher Optionen (z. B. zusätzlicher Radweg auf der südöstlichen Straßenseite); Abstimmung mit LS Bbg. (Straßenbaulastträger) erforderlich";Beseitigung der unzureichenden Situation: Radfahrende Richtung Norden müssen gegenwärtig zwingend die Fahrbahn nutzen, fahren aber mehrheitlich verbotenerweise entgegen der Fahrtrichtung auf dem nordwestlichen Gehweg/Radverkehr frei;ausbau-wegeinfrastruktur;;;ausbau-wegeinfrastruktur;;komplexe-investitionsmassnahme;idee;mittel;;6/30/26;2-5 Jahre;;;;;;;;;zeuthen;;;0;;
Zeuthen_1-13;true;Lückenschluss Am Feld - Am Pulverberg;Lückenschluss Am Pulverberg;Umsetzung B-Plan Nr. 001;Lückenschluss (ca. 40 m) mindestens als gemeinsamer Geh-/Radweg;neubau-wegeinfrastruktur;;;neubau-wegeinfrastruktur;;untersuchung-und-planung-erforderlich;idee;mittel;;6/30/26;2-5 Jahre;; 	15.000 ;;;;;;;zeuthen;;;0;;
Zeuthen_1-14;true;Bereich Grundschule ;Sichere Wege zur Grundschule;"Radfahrende Kinder bis 10 Jahre (inkl. Begleitperson) dürfen bereits jetzt die Gehwege benutzen; gesonderte Planungsuntersuchung ""Schulwegsicherung Grundschule Am Wald"" mit Schwerpunkt Radverkehr wird empfohlen (dabei auch Ermittlung Stellplatzbedarf Schule)";"Prüfung der Option Gehwegverbreiterung in Abgleich zum Baumzustand (ggf. Fällung/Neupflanzung) in der Birkenallee; ""Gehweg/Radverkehr frei"" Wilhelmshavener Straße; Miersdorfer Chaussee zw. Forstweg und Delmenhorster Straße ""Gehweg/Radverkehr frei""; Prüfung alternative  Führung Forstweg zu (L 402): Ebbestraße/Dahmestraße/Bahnstraße";anordnung-and-verkehrslenkung;;;anordnung-and-verkehrslenkung;;untersuchung-und-planung-erforderlich;idee;mittel;;6/30/26;2-5 Jahre;;;;;;;;;zeuthen;;;0;;
Zeuthen_1-15;true;Straße am Höllengrund, (zw. Am Pulverberg und Straße d. Freiheit );"Zweirichtungsradweg ""Am Höllengrund""";innerörtliche Hauptradwegeverbindung;Gesonderter Zweirichtungs-Radweg außerhalb der Fahrbahn im Bereich des Grünstreifens;neubau-wegeinfrastruktur;;;neubau-wegeinfrastruktur;;komplexe-investitionsmassnahme;idee;niedrig;;12/31/30;6-10 Jahre;;;;;;;;;zeuthen;;;0;;
Zeuthen_1-16;true;Südlich Spitzbubenweg,  (bis Anbindung An der Eisenbahn);Zweirichtungsradweg im Spitzbubenweg;Radfahrerfreundlich Herstellung der (vorhandenen) Wegeverbindung;Ergänzung des Radwegenetzes im Zentrum Zeuthen;neubau-wegeinfrastruktur;;;neubau-wegeinfrastruktur;;untersuchung-und-planung-erforderlich;idee;niedrig;;12/31/30;6-10 Jahre;;;;;;;;;zeuthen;;;0;;
Zeuthen_1-17;true;Goethestraße östl. Bahnhof;Zuweg zum S-Bahnhof sicher;Prüfung der Erforderlichkeit der zusätzlichen Markierung von Stellplätzen notwendig;Erhöhung Verkehrssicherheit für Radfahrer und Fußgänger;anordnung-and-verkehrslenkung;;;anordnung-and-verkehrslenkung;;mit-eigenmitteln-umsetzbar;idee;niedrig;;12/31/30;6-10 Jahre;;;;;;;;;zeuthen;;;0;;
Zeuthen_1-18;true;Miersdorfer Chaussee/Friesenstraße;Umgestaltung Verkehrsberuhigter Ortskern ;"Gestaltung als Mischverkehrsfläche mit hoher Aufenthaltrsqualität; Friesenstraße: Abgleich mit Planung interkommunaler Radweg ""Achse westlich der Bahn"" erforderlich; ggf. Prüfung Einbahnstraßenregelung";Erhöhung Aufenthaltsqualität im Zentrum Zeuthen (u. a. Markt) und Verkehrssicherheit für Radfahrer und Fußgänger;sonstige-and-kombinierte-massnahnen;;;sonstige-and-kombinierte-massnahnen;;komplexe-investitionsmassnahme;idee;niedrig;;6/30/26;2-5 Jahre;;;;;;;;;zeuthen;;;0;;
Zeuthen_1-19;true;Fährstraße /  Miersdorfer Werder;Anschluss zum Miersdorfer Werder über Fährstraße;Klärung der Machbarkeit, der Kosten und der Finanzierung erforderlich;Anbindung des Zeuthener Gemeindeteils mit einer Brückenverbindung für Radfahrer/Fußgänger;planung-and-untersuchung;;;planung-and-untersuchung;;komplexe-investitionsmassnahme;idee;niedrig;;12/31/30;10-15 Jahre;;;;;;;;;zeuthen;;;0;;
Zeuthen_1-20;true;Regensburger Straße/Otto-Nagel-Allee;Bahnquerung im Norden Zeuthens;Klärung der Machbarkeit, der Kosten und der Finanzierung erforderlich;Anbindung des geplanten neuen Grundschulstandortes an den Ortsteil Zeuthener Winkel mit Bahnquerung (vorzugsweise Tunnel);planung-and-untersuchung;;;planung-and-untersuchung;;komplexe-investitionsmassnahme;idee;niedrig;;12/31/30;10-15 Jahre;;;;;;;;;zeuthen;;;0;;
Zeuthen_2-1;true;Heinrich-Heine-Straße/Schillerstraße;"Sicherer Knotenpunkt ""Heinrich-Heine-Straße/Schillerstraße""";"Erhöhung Verkehrssicherheit für Radfahrende und Fußgänger; Verkehrssicherheitsaudit liegt vor; Gesamtbetrachtung inkl. Einmündung Schulstraße/Schillerstraße erforderlich";Herstellung einer gesicherten Radverkehrsführung im Kreuzungsbereich;ausbau-wegeinfrastruktur;;;ausbau-wegeinfrastruktur;;komplexe-investitionsmassnahme;idee;hoch;;12/31/25;1-2 Jahre;; 	50.000 ;;;;;;;zeuthen;;;0;;
Zeuthen_2-2;true;Miersdorfer Chaussee (L 402)/ Forstweg/Ebereschenallee/Elbestraße;"Sicherer Knotenpunkt ""Miersdorfer Chaussee/Forstweg""";"Erhöhung Verkehrssicherheit für Radfahrende und Fußgänger; Verkehrssicherheitsaudit liegt vor; Abstimmung mit LS Bbg. (Straßenbaulastträger) erforderlich";Herstellung einer gesicherten Radverkehrsführung im Kreuzungsbereich;ausbau-wegeinfrastruktur;;;ausbau-wegeinfrastruktur;;komplexe-investitionsmassnahme;idee;hoch;;6/30/26;2-5 Jahre;; 	60.000 ;;;;;;;zeuthen;;;0;;
Zeuthen_2-3;true;div.;Sofortmaßnahmen zur Verbesserung des Radfahrkomforts;Schwerpunkte L 401 und K 6160 (Hoherlehmer Straße);"Radfahrerfurten, Bordabsenkungen, Querungshilfen (Fußgänger/Radfahrer), ""Radverkehr frei"" an Durchfahrtverbotsschildern und weitere";ausbau-wegeinfrastruktur;;;ausbau-wegeinfrastruktur;;abhaengig-von-anderen-akteuren;idee;hoch;;6/30/26;2-5 Jahre;;;Landkreis;;;;;;zeuthen;Landkreis;;0;;
Zeuthen_2-4;true;div.;Anordnung von T30 an Hauptverkehrsstraßen;"Durchführung in Abhängigkeit von baulicher Umsetzung L 401 (nördl. Teil); Abstimmung mit Straßenverkehrsbehörde erforderlich";Erhöhung der Verkehrssicherheit für Radfahrer und Fußgänger;anordnung-and-verkehrslenkung;;;anordnung-and-verkehrslenkung;;mit-eigenmitteln-umsetzbar;idee;mittel;;12/31/25;1-2 Jahre;;;Landkreis;;;;;;zeuthen;Landkreis;;0;;
Zeuthen_3-1;true;Bahnhofsumfeld;Ausbau der Fahrradstellplätze im Bahnhofsumfeld;"Planerische Gesamtbetrachtung nach Bauende  S-Bhf. erforderlich unter Einbeziehung aller potenzieller Standorte inkl. Erweiterung/ Aufstockung vorhandener Standorte; modellhafte Lösungen anstreben";Erhöhung des Stellplatzangebotes im Bahnhofsumfeld, möglichst überdacht, tlw. abschließbar;planung-and-untersuchung;;;planung-and-untersuchung;;komplexe-investitionsmassnahme;idee;hoch;;6/30/26;2-5 Jahre;;;Landkreis;;;;;;zeuthen;Landkreis;;0;;
Zeuthen_3-2;true;Schulstandorte;Fahrradstellplätze an Schulstandorten;Abstimmung auf Bedarf (mit Reserve) erforderlich;Erhöhung und Verbesserung des Stellplatzangebotes an den Schulen;fahrradparken-and-service;;;fahrradparken-and-service;;mit-eigenmitteln-umsetzbar;idee;mittel;;6/30/26;2-5 Jahre;;;;;;;;;zeuthen;;;0;;
Zeuthen_3-3;true;Kommunale Liegenschaften;Fahrradstellplätze am kommunalen Wohnungsbestand;Einheitliche, modulare Lösung ist anzustreben (überdachte und abschließbare Sammelabstellanlagen im Freien);Sicherung des Stellplatzbedarfes an den Wohnstandorten der Gemeinde;fahrradparken-and-service;;;fahrradparken-and-service;;mit-eigenmitteln-umsetzbar;idee;mittel;;6/30/26;2-5 Jahre;;;;;;;;;zeuthen;;;0;;
Zeuthen_4-1;false;Strategische Maßnahme;Radverkehrsbeauftragte(r) bzw. Mobilitätsbeauftragte(r) festlegen;entweder Mitarbeiter(in) der Verwaltung oder Ehrenamtliche(r);Festlegung eines/r Verantwortlichen für Belange des Radverkehrs in der Gemeinde;strategie-and-strukturen;;;strategie-and-strukturen;;mit-eigenmitteln-umsetzbar;idee;hoch;;12/31/25;1-2 Jahre;;;;;;;;;zeuthen;;;0;;
Zeuthen_4-2;false;Strategische Maßnahme;Mitgliedschaft Gemeinde in der AGFK;Nutzung des erfahrenen Netzwerkes für die gemeindlichen Radverkehrsbelange;Mitwirkung der Gemeinde in der Arbeitsgemeinschaft Fahrradfreundliche Kommunen Brandenburg (AGFK);strategie-and-strukturen;;;strategie-and-strukturen;;mit-eigenmitteln-umsetzbar;idee;hoch;;12/31/25;1-2 Jahre;; 	1.000 ;1.000 €/Jahr;;;;;;zeuthen;;;0;;
Zeuthen_4-3;false;Strategische Maßnahme;Events und Aktionen zum Radverkehr;Nutzung der Angebote von Verbänden  und Netzwerken;Teilnahme an bzw. die Initiierung von Aktionen für den Radverkehr;oeffentlichkeitsarbeit;;;oeffentlichkeitsarbeit;;mit-eigenmitteln-umsetzbar;idee;hoch;;6/30/26;2-5 Jahre;;;;;;;;;zeuthen;;;0;;
Zeuthen_4-4;false;Strategische Maßnahme;Öffentlichkeitsarbeit zu Mobilitätsbildung und -themen;"Einbeziehung der Öffentlichkeitsangebote von Verbänden und Netzwerken; Zielstellung: Förderung des Radverkehrs und des Miteinanders aller Verkehrsarten";passgenaue Informationen und Angebote für verschiendene Nutzergruppen (z. B. Kinder, Jugendliche, Senioren, Familien);oeffentlichkeitsarbeit;;;oeffentlichkeitsarbeit;;mit-eigenmitteln-umsetzbar;idee;hoch;;6/30/26;2-5 Jahre;;;;;;;;;zeuthen;;;0;;
Zeuthen_4-5;false;Strategische Maßnahme;Schuexpress Zeuthen;;Einrichtung des SCHULEXPESS in Eichwalde;strategie-and-strukturen;;;strategie-and-strukturen;;mit-eigenmitteln-umsetzbar;in-umsetzung;sehr-hoch;;;;; 	5.000 ;Finanziert über das NUDAFA-Reallabor (BMBF);100;;;;;zeuthen;Grundschulen;;0;;
Eichwalde_1;true;Schwarzer Weg;Schwarzer Weg als Teil des Interkommunalen Radwegs;;"Neubau eines Zweirichtungsradwegs entlang der Bahntrasse als Teil der Radvorrangroute Eichwalde-Königs Wusterhausen

Inkl. Prüfung einer Querungsinsel (in Bearbeitung), Ertüchtigung des Südlichen Abschnitts der Heinrich-Heine-Allee und entlang des Friedhofs";neubau-wegeinfrastruktur;;;neubau-wegeinfrastruktur;;komplexe-investitionsmassnahme;in-planung;sehr-hoch;;12/31/25;1-2 Jahre;; 	480.000 ;Kreisstrukturfonds;0;eichwalde;;;eichwalde;eichwalde;Nachbarkommunen;;0;;
Eichwalde_2;true;Südlich des Eichenparkstadions;Anschluss zum Schwarzen Weg;;Anschluss des Schwarzen Weges, Herstellung eines Zweirichtungsradweges bzw. des Abschnitts der Radvorrangroute;neubau-wegeinfrastruktur;;;neubau-wegeinfrastruktur;;komplexe-investitionsmassnahme;in-planung;sehr-hoch;;12/31/25;1-2 Jahre;; 	45.000 ;Kreisstrukturfonds;0;eichwalde;;;eichwalde;eichwalde;;;0;;
Eichwalde_3;true;Gerhard-Hauptmann-Allee;Fahrradstraße als Teil des Interkommunalen Radwegs;;Teil der Rückfalltrasse des Interkommunalen Radwegs;anordnung-and-verkehrslenkung;;;anordnung-and-verkehrslenkung;;komplexe-investitionsmassnahme;in-planung;sehr-hoch;;12/31/25;1-2 Jahre;; 	50.000 ;;0;eichwalde;;;eichwalde;eichwalde;;;0;;
Eichwalde_4;true;Heinrich-Heine-Allee (nördlich des S-Bahnhofs);Fahrbahnsanierung Heinrich-Heine-Allee;;Fahrbahnsanierung als Fortführung des Interkommunalen Radwegs bis zur Waldstraße;neubau-wegeinfrastruktur;;;neubau-wegeinfrastruktur;;komplexe-investitionsmassnahme;idee;mittel;;12/31/30;6-10 Jahre;;;;0;eichwalde;;;eichwalde;eichwalde;unklar;;0;;
Eichwalde_5;true;Schulzendorfer Straße bis Rudolph-Breidscheid-Straße (Schulzendorf);Fahrradstraße zum Neuen Zentrum Schulzendorf;;Herstellung einer Fahrradstraße als Hauptoute im Nebenstraßennetz;anordnung-and-verkehrslenkung;;;anordnung-and-verkehrslenkung;;komplexe-investitionsmassnahme;idee;hoch;;12/31/25;1-2 Jahre;; 	20.000 ;;;unklar;;;unklar;eichwalde;Schulzendorf, Straßenverkehrsbehörde;;0;;
Eichwalde_6;true;Schmöckwitzer Straße, Chopinstraße, bis zur Badewiese;Südliche Achse durch das Gemeindegebiet;;Ausbau bzw. Umgestaltung des Straßenraums, Herstellung geeigneter Radinfrastruktur um radiale Wegebeziehungen zum Zentrum zu ermöglichen;planung-and-untersuchung;;;planung-and-untersuchung;;untersuchung-und-planung-erforderlich;idee;hoch;;6/30/26;2-5 Jahre;;;;;eichwalde;;;eichwalde;eichwalde;;;0;;
Eichwalde_7;true;Bahnhofstraße bis Godbersenstraße;Nördliche Achse bis nach Schmöckwitz;;Ausbau bzw. Umgestaltung des Straßenraums, Herstellung geeigneter Radinfrastruktur um radiale Wegebeziehungen zum Zentrum zu ermöglichen;planung-and-untersuchung;;;planung-and-untersuchung;;untersuchung-und-planung-erforderlich;idee;mittel;;12/31/30;6-10 Jahre;;;;;eichwalde;;;eichwalde;eichwalde;;;0;;
Eichwalde_8;true;Grünauer Straße (Bahnhof- bis Friedenstraße);Verbesserung der Fürhung in Grünauer Straße (Südl. Teil);;"ggf.  Rotmarkierung der ""Radwegfuhrten"", soweit in T30-Zone zulässig. ";anordnung-and-verkehrslenkung;;;anordnung-and-verkehrslenkung;;abhaengig-von-anderen-akteuren;idee;mittel;;12/31/25;1-2 Jahre;; 	4.999 ;;;eichwalde;;;eichwalde;eichwalde;Straßenverkehrsbehörde;;0;;
Eichwalde_9;true;Grünauer Straße (Wald- bis Bahnhofstraße);Verbesserung der Fürhung in Grünauer Straße (Nördl. Teil);;Integration zeitgemäßer Radverkehrsinfrastruktur bei grundhafter Ausbau der Straße / Fahrbahnsanierung;ausbau-wegeinfrastruktur;;;ausbau-wegeinfrastruktur;;komplexe-investitionsmassnahme;idee;mittel;;6/30/26;2-5 Jahre;;;;;eichwalde;;;eichwalde;eichwalde;;;0;;
Eichwalde_10;true;Fortsetzung Grünauer Straße (nach Berlin/TK);Ausbau des Grünauer Wegs (Berlin);;"Ausbau der derzeit unbefestigten Fahrbahn zur Herstellung einer besseren Befahrbarkeit, 

Beteiligung Eichwaldes an der Planung und Umsetzung durch das Bezirksamt Treptow-Köpenick";ausbau-wegeinfrastruktur;;;ausbau-wegeinfrastruktur;;abhaengig-von-anderen-akteuren;in-vorbereitung;sehr-hoch;;6/30/26;2-5 Jahre;; 	80.000 ;;;land-berlin;;;land-berlin;eichwalde;Eichwalde, Dialogforum, BA Treptow-Köpenick;;0;;
Eichwalde_11;true;Bahnhofstraße;Verkehrsberuhigung Bahnhofstraße;;"Vermeidung von Konflikten zwischen Fuß- und Radverkehr. Anordnung Verkehrsberuhigter Bereich. 

ggf. Anordnung Piktogrammketten, ggf. Markierung von Abstandsstreifen gegenüber ruhendem Verkehr

Begleitende Kommunikation, um Radverkehr vom Gehweg auf die Fahrbahn zu bekommen. ";anordnung-and-verkehrslenkung;;;anordnung-and-verkehrslenkung;;mit-eigenmitteln-umsetzbar;in-umsetzung;hoch;;12/31/25;1-2 Jahre;; 	4.999 ;;;eichwalde;;;eichwalde;eichwalde;;;0;;
Eichwalde_12;true;Am Graben;"Komfortablere Fahrbahn ""Am Graben""";;Ausbau der Fahrbahn oder des Gehwegs, zum Regelkonforme und Komfortable Nutzung durch den Radverkehr zu Ermöglichen (insb. für Schulverkehr);ausbau-wegeinfrastruktur;;;ausbau-wegeinfrastruktur;;komplexe-investitionsmassnahme;idee;hoch;;6/30/26;2-5 Jahre;;;;;eichwalde;;;eichwalde;eichwalde;;;0;;
Eichwalde_13;true;August-Bebel-Allee (Schmöckwitzer Str. bis S-Bahnhof);Anschluss Schmöckwitzer Straße an S-Bahnhof / Fahrradparkhaus;;Lückenschluss zwischen Schmöckwitzer Straße und dem S-Bahnhof als Zuführung zum Fahrradparkhaus;ausbau-wegeinfrastruktur;;;ausbau-wegeinfrastruktur;;komplexe-investitionsmassnahme;idee;mittel;;6/30/26;2-5 Jahre;;;;;eichwalde;;;eichwalde;eichwalde;;;0;;
Eichwalde_14;true;Gerhard-Hauptmann-Allee;Ausbau der Gerhard-Haupmann-Allee;;Grundhafter Ausbau der Gerhard-Hauptmann-Alles für den MIV und den ÖPNV, dabei Integration von Radverkehrsanlagen, um Konflikte mit Fußverkehr zu vermeiden;ausbau-wegeinfrastruktur;;;ausbau-wegeinfrastruktur;;komplexe-investitionsmassnahme;idee;mittel;;12/31/30;6-10 Jahre;;;;;eichwalde;;;eichwalde;eichwalde;;;0;;
Eichwalde_15;true;Stubenrauchstraße;Verkehrsberuhigung und Ausbau Stubenrauchstraße;;"Umgestaltung der Stubenrauchstraße, um Gefahrenlage beim Schulverkehr zu reduzieren. 

Ggf. Ausbau, Verkehrsberuhigende Maßnahmen, Modaler Filter, usw. Weitere Verkehrsplanerische Untersuchungen und Maßnahmen des Schulischen Mobilitätsmanagements notwendig!";ausbau-wegeinfrastruktur;;;ausbau-wegeinfrastruktur;;komplexe-investitionsmassnahme;idee;hoch;;6/30/26;2-5 Jahre;;;;;eichwalde;;;eichwalde;eichwalde;;;0;;
Eichwalde_16;true;Stadionstraße in Richtung Schulzendorf;Freigabe des Gehwegs der Stadionstraße für Radverkehr;;Freigabe des Gehwegs für den Radverkehr, um Lückenschluss für die Wegebeziehung in Ri. Schulzendorf herzustellen;anordnung-and-verkehrslenkung;;;anordnung-and-verkehrslenkung;;kurzfristig-umsetzbar;idee;hoch;;12/31/24;sofort;; 	1.000 ;;;eichwalde;;;eichwalde;eichwalde;;;0;;
Eichwalde_17;true;Eichenparkstadion;Anlehnbügel am Eichenparkstadion;;Errichtung von Anlehnbügeln ;fahrradparken-and-service;;;fahrradparken-and-service;;kurzfristig-umsetzbar;abgeschlossen;hoch;;;erledigt;; 	5.000 ;;;eichwalde;;;eichwalde;eichwalde;Bauhof;;0;;
Eichwalde_18;true;Sportkirche / August-Bebel-Allee;Anlehnbügel an der Sportkirche;;Errichtung von Anlehnbügeln ;fahrradparken-and-service;;;fahrradparken-and-service;;kurzfristig-umsetzbar;abgeschlossen;hoch;;;erledigt;; 	5.000 ;;;eichwalde;;;eichwalde;eichwalde;Bauhof;;0;;
Eichwalde_19;true;Badewiese ;Anlehnbügel an der Badewiese;;Errichtung von Anlehnbügeln ;fahrradparken-and-service;;;fahrradparken-and-service;;kurzfristig-umsetzbar;abgeschlossen;niedrig;;;erledigt;; 	5.000 ;;;eichwalde;;;eichwalde;eichwalde;Bauhof;;0;;
Eichwalde_20;true;Rathaus;Erneuerung und Überdachung der Anlehnbügel am Rathaus;;"Überdachtung der bestehenden Anlehnbügel, Ersetzen der ""Felgenkiller"" durch Anlehnbügel. ";fahrradparken-and-service;;;fahrradparken-and-service;;mit-eigenmitteln-umsetzbar;in-planung;hoch;;12/31/25;1-2 Jahre;; 	5.000 ;;;eichwalde;;;eichwalde;eichwalde;Bauhof / Bauverwaltung;;0;;
Eichwalde_21;true;Humboldt-Grundschule Eichwalde;Abstellanlagen an der Humboldt-Grundschule;;Ersatz und Ausbau der bestehenden Anlagen, inkl. durchgehender Überdachung;fahrradparken-and-service;;;fahrradparken-and-service;;untersuchung-und-planung-erforderlich;in-vorbereitung;sehr-hoch;;12/31/24;sofort;; 	140.000 ;Fördermittelaquise läuft, BMU-Kommunalrichtlinie (65 %);65;eichwalde;;;eichwalde;eichwalde;Humboldt-Grundschule, Bauverwaltung;;0;;
Eichwalde_22;true;Humbold-Gymnasium;Übderdachung der bestehenden Abstellanlagen;;Überdachung der vorhandenen Anlehnbügel;fahrradparken-and-service;;;fahrradparken-and-service;;untersuchung-und-planung-erforderlich;zurueckgestellt;zurueckgestellt;;12/31/30;6-10 Jahre;;;;;landkreis-dahme-spreewald;;;landkreis-dahme-spreewald;eichwalde;Schulverwaltung des Landkreises;;0;;
Eichwalde_23;true;S-Bahnhof Eichwalde (Ostseite);Errichtung eines modularen Fahrradparkhauses;;Neubau eines Fahrradparkhauses mit ca. 350 Stellplätzen, inkl. Sammelschließgaragen. ;fahrradparken-and-service;;;fahrradparken-and-service;;komplexe-investitionsmassnahme;in-umsetzung;sehr-hoch;;12/31/25;1-2 Jahre;; 	1.800.000 ;Finanziert über RiliÖPNV des Landes Brandenburg (MIL);90;eichwalde;;;eichwalde;eichwalde;LBV / LBB / MIL / DB;;0;;
Eichwalde_24;true;S-Bahnhof Eichwalde (Westseite);Ersatzneubau für bestehende Abstellanlagen;;im Rahmen der Neugestaltung des Bahnhofsvorplatzes: Errichtung neuer Abstellanlagen für ca. 350 Stellplätze, inkl. einer Sammelschließgarage;fahrradparken-and-service;;;fahrradparken-and-service;;komplexe-investitionsmassnahme;in-umsetzung;sehr-hoch;;12/31/25;1-2 Jahre;; 	796.599 ;Finanziert über RiliÖPNV des Landes Brandenburg (MIL);90;eichwalde;;;eichwalde;eichwalde;LBV / LBB / MIL / DB;;0;;
Eichwalde_25;true;S-Bahnhof Eichwalde (Ostseite, hinter Pizzaria);Modernisierung der Abstellanlagen hinter der Pizzaria;;Modernisierung der vorhandenen Abstellanlagen, ggf. Ausbau der Kapazitäten. ;fahrradparken-and-service;;;fahrradparken-and-service;;untersuchung-und-planung-erforderlich;idee;zurueckgestellt;;12/31/30;6-10 Jahre;;;;;eichwalde;;;eichwalde;eichwalde;;;0;;
Eichwalde_26;true;Bahnhofstraße;Fahrradgarage für fLotte-Lastenrad (Komma);;Errichtung einer kleine Lastenradgarage im öffentlichen Raum für kostenlos nutzbare Lastenräder;fahrradparken-and-service;;;fahrradparken-and-service;;mit-eigenmitteln-umsetzbar;abgeschlossen;hoch;;;erledigt;; 	5.000 ;;0;eichwalde;;;eichwalde;eichwalde;;;0;;
Eichwalde_27;true;Bahnhofstraße;Fahrradgarage für fLotte-Lastenrad (Gewerbeverein);;Errichtung einer kleine Lastenradgarage im öffentlichen Raum für kostenlos nutzbare Lastenräder;fahrradparken-and-service;;;fahrradparken-and-service;;mit-eigenmitteln-umsetzbar;idee;mittel;;12/31/25;1-2 Jahre;; 	5.000 ;;0;eichwalde;;;eichwalde;eichwalde;Gewerbeverein;;0;;
Eichwalde_28;true;Am Stern (Waldkita);Fahrradgarage für fLotte-Lastenrad (Gewerbeverein);;Errichtung einer kleine Lastenradgarage im öffentlichen Raum für kostenlos nutzbare Lastenräder;fahrradparken-and-service;;;fahrradparken-and-service;;mit-eigenmitteln-umsetzbar;idee;sehr-hoch;;12/31/24;sofort;; 	5.000 ;;0;eichwalde;;;eichwalde;eichwalde;Waldkita;;0;;
Eichwalde_29;true;Bahnhofstraße;Anlehnbügel für Einzelhandel in Bahnhofstraße;;Flächendeckend kompakte, stadtbildverträgliche Anlehnbügel für Besucher des Einzelhandels / Gewerbe / Ärzte usw. ;fahrradparken-and-service;;;fahrradparken-and-service;;untersuchung-und-planung-erforderlich;idee;mittel;;12/31/25;1-2 Jahre;; 	5.000 ;;;eichwalde;;;eichwalde;eichwalde;Gewerbetreibende / Anlieger;;0;;
Eichwalde_30;true;Grünauer Straße / Friedenstraße ;Sicherer Knotenpunk Friedenstraße / Grünauer Straße;;"Deutliche Reduzierung des Unfallaufkommens bzw. Erhöhung der Sicherheit aller Verkehrsteilnehmer.  

Ggf. Signalisierung des Knotenpunkts durch LSA (gekoppelt mit Bahnhübergang), kleinere Umgestaltungsmaßnahmen. 

Verkehrserhebung liegt vor, aktuell erstellt der Landkreis eine Verkehrstechnische Untersuchung";anordnung-and-verkehrslenkung;;;anordnung-and-verkehrslenkung;;untersuchung-und-planung-erforderlich;in-planung;sehr-hoch;;12/31/25;1-2 Jahre;;;;;landkreis-dahme-spreewald;;;landkreis-dahme-spreewald;eichwalde;Untere Straßenverkehrsbehörde;;0;;
Eichwalde_31;true;Zeuthener Straße / Tschaikowskistraße;Sichere Querungsmöglichkeit an der Zeuthener Straße;;"Errichtung einer ""Bedarfsampel"" auf Höhe der Tschaukowskistraße, u.a. für Schulkinder und Anwohnender des AWO-Generationenparks und Besucher der Badewiese.";anordnung-and-verkehrslenkung;;;anordnung-and-verkehrslenkung;;abhaengig-von-anderen-akteuren;in-planung;sehr-hoch;;12/31/25;1-2 Jahre;;;;;land-brandenburg;;;land-brandenburg;eichwalde;Untere Straßenverkehrsbehörde;;0;;
Eichwalde_32;true;Stadionstraße / Gerhard-Hauptmann-Allee;Sicherer Knotenpunk Stadionstraße / Gerhard-Hauptmann-Allee;;"Hestellung einer sicheren und komfortablen Möglichkeit zur Querung des Knotenpunktes, insb. für Radfahrende auf der Radvorrangroute / Interkommunaler Radweg. 

Verkehrszählung liegt vor, Verkehrstechnische Untersuchung wird derzeit erstellt. ";anordnung-and-verkehrslenkung;;;anordnung-and-verkehrslenkung;;abhaengig-von-anderen-akteuren;in-planung;hoch;;12/31/25;1-2 Jahre;;;;;landkreis-dahme-spreewald;;;landkreis-dahme-spreewald;eichwalde;Untere Straßenverkehrsbehörde;;0;;
Eichwalde_33;true;Bahnhübergang Friedenstraße;Berbesserung der Radverkehrsführung am Banhübergang Friedenstraße;;Ausbau des Bahnübergangs zur sicheren und komforablen Nutzung;ausbau-wegeinfrastruktur;;;ausbau-wegeinfrastruktur;;abhaengig-von-anderen-akteuren;idee;hoch;;6/30/26;2-5 Jahre;;;;;landkreis-dahme-spreewald;;;landkreis-dahme-spreewald;eichwalde;Eichwalde / DB / Straßenverkehrsbehörde;;0;;
Eichwalde_34;false;Strategische Maßnahme;Schulexpress Eichwalde;;Einrichtung des SCHULEXPESS in Eichwalde;sonstige-and-kombinierte-massnahnen;;;sonstige-and-kombinierte-massnahnen;;mit-eigenmitteln-umsetzbar;abgeschlossen;sehr-hoch;;;;; 	5.000 ;Finanziert über das NUDAFA-Reallabor (BMBF);100;eichwalde;;;eichwalde;eichwalde;Eichwalde / Schulen;;0;;
Schulzendorf_S02;true;Am Schwarzen Weg;Ausbau des Schwarzenwegs als Radweg außerorts / Feldweg;"Bestand: Waldweg,  Oberflächenqualität: Schlecht

Mangel: unbefestigte und schadhafte Fahrbahnoberfläche, Alternativverbindung Richtung Ritterschlag abseits der Straße";Schaffung radverkehrstauglicher Oberfläche unter Berücksichtigung räumlicher Umgebung (Empfohlen Schotterdecke);ausbau-wegeinfrastruktur;;;ausbau-wegeinfrastruktur;;untersuchung-und-planung-erforderlich;idee;niedrig;;;; 	1.664 ; 	167.000 ;Kostenschätzung gemäß Sichere-Wege-Konzept;;schulzendorf;;;schulzendorf;schulzendorf;;;0;;
Schulzendorf_S03;true;Kastanienweg;Verkehrsberuhigung im Kastanienweg;"Bestand: Mischverkehr, kein Gehweg,  Oberflächenqualität: Schlecht

Mangel: unbefestigte und schadhafte Fahrbahnoberfläche";Schaffung einer Asphaltfahrbahn, Anordnung als Verkehrsberuhigter Bereich;ausbau-wegeinfrastruktur;;;ausbau-wegeinfrastruktur;;untersuchung-und-planung-erforderlich;idee;mittel;;;; 	283 ; 	106.500 ;Kostenschätzung gemäß Sichere-Wege-Konzept;;schulzendorf;;;schulzendorf;schulzendorf;;;0;;
Schulzendorf_S12;true;Rosa-Luxemburg-Straße;Fahrbahnsanierung und Gehwege in der Rosa-Luxemburg-Straße (Abschnitt Ost);"Bestand: Gehweg (einseitig),  Oberflächenqualität: Schlecht

Mangel: keine oder teilweise Fußgängerverkehrsanlage (Trampelpfade),  schmale Randbereiche augrund Baumalleen (dadurch 2,5m nicht möglich), Kopfsteinpflaster beeinträchtigt Fahrkomfort und Sicherheit Radfahrende";"Bau neuer Fußgängeranlagen (beidseitig), Mindestbreite 1,5 - 2,1m; Sanierung der Fahrbahn durch Aspahltdecke";neubau-wegeinfrastruktur;;;neubau-wegeinfrastruktur;;untersuchung-und-planung-erforderlich;idee;mittel;;;; 	1.194 ; 	627.000 ;Kostenschätzung gemäß Sichere-Wege-Konzept;;schulzendorf;;;schulzendorf;schulzendorf;;;0;;
Schulzendorf_S14;true;Rosa-Luxemburg-Straße, zw. Illgenstraße u. Herweghstraße;Fahrbahnsanierung und Gehwege in der Rosa-Luxemburg-Straße (Abschnitt West);"Bestand: Gehweg (beidseitig),  Oberflächenqualität: Gut

Mangel: Kofsteinpflaster beeinträchtigt Fahrkomfort und Sicherheit für Radfahrende";Schaffung radverkehrstauglicher Oberfläche (Führung Radverkehr im Mischverkehr);ausbau-wegeinfrastruktur;;;ausbau-wegeinfrastruktur;;untersuchung-und-planung-erforderlich;idee;mittel;;;; 	348 ; 	90.000 ;Kostenschätzung gemäß Sichere-Wege-Konzept;;schulzendorf;;;schulzendorf;schulzendorf;;;0;;
Schulzendorf_S19;true;Freiligrathstraße, zw. Walther-Rathenau-Straße u. Kölner Straße;Ausbau der Freiligrathstraße, Anordnung als Fahrradstraße;"Bestand: Mischverkehr, kein Gehweg,  Oberflächenqualität: Schlecht

Mangel: schlechte Fahrbahnqualität, keine Fußgängerverkehsanlage (jedoch beidseitig keine Bebauung), Verbindung Richtung Schulzentrum und Rathaus";"Sanierung der Fahrbahnoberfläche und Anordnung als Fahrradstraße; Gehwegeausbau erst mit anliegender Bebauung, Beleuchtung schaffen";ausbau-wegeinfrastruktur;;;ausbau-wegeinfrastruktur;;untersuchung-und-planung-erforderlich;idee;hoch;;;; 	496 ; 	132.000 ;Kostenschätzung gemäß Sichere-Wege-Konzept;;schulzendorf;;;schulzendorf;schulzendorf;;;0;;
Schulzendorf_S22;true;Otto-Krien-Straße, zw. Freiligrathstraße u. Herweghstraße;Ausbau der Otto-Krien-Straße, inkl. Gehwege;"Bestand: Mischverkehr, kein Gehweg,  Oberflächenqualität: Schlecht

Mangel: keine Fußgängerverkehrsanlage (Trampelpfade), Barrierefreiheit nicht gegeben, Baumallee beidseitig, Fahrbahnbelag beeinträchtigt Fahrkomfort und Sicherheit von Radfahrenden";Bau neuer Fußgängeranlagen (beidseitig), Mindestbreite 2,1m, Sanierung der Fahrbahn;neubau-wegeinfrastruktur;;;neubau-wegeinfrastruktur;;untersuchung-und-planung-erforderlich;idee;hoch;;;; 	239 ; 	215.100 ;Kostenschätzung gemäß Sichere-Wege-Konzept;;schulzendorf;;;schulzendorf;schulzendorf;;;0;;
Schulzendorf_S24;true;Brückenstraße;Ausbau der Brückenstraße, inkl. Gehwege;"Bestand: Mischverkehr, kein Gehweg,  Oberflächenqualität: Schlecht

Mangel: keine Fußgängerverkehrsanlage (Trampelpfade), Barrierefreiheit nicht gegeben, Baumallee beidseitig, Fahrbahnbelag beeinträchtigt Fahrkomfort und Sicherheit von Radfahrenden";Bau neuer Fußgängeranlagen (beidseitig), Mindestbreite 2,1m, Sanierung der Fahrbahn;neubau-wegeinfrastruktur;;;neubau-wegeinfrastruktur;;untersuchung-und-planung-erforderlich;idee;mittel;;;; 	416 ; 	220.000 ;Kostenschätzung gemäß Sichere-Wege-Konzept;;schulzendorf;;;schulzendorf;schulzendorf;;;0;;
Schulzendorf_S25;true;Bremer Straße, zw. Freiligrathstraße u. Henningsdorfer Straße;Fahrbahnsanierung in der Bremer Straße;"Bestand: Mischverkehr, kein Gehweg,  Oberflächenqualität: Schlecht

Mangel: Fahrbahnbelag beeinträchtigt Fahrkomfort und Sicherheit von Radfahrenden";Sanierung der Fahrbahnoberfläche (Asphalt oder glatte Pflastersteine);ausbau-wegeinfrastruktur;;;ausbau-wegeinfrastruktur;;untersuchung-und-planung-erforderlich;idee;mittel;;;; 	534 ; 	134.000 ;Kostenschätzung gemäß Sichere-Wege-Konzept;;schulzendorf;;;schulzendorf;schulzendorf;;;0;;
Schulzendorf_S26;true;Weg zw. Am Kirchgarten u. Rosa-Luxemburg-Straße;Ausbau der Abkürzung zur Rosa-Luxemburg-Straße;"Bestand: Gehweg,  Oberflächenqualität: Neutral

Mangel: unbefestigte und schadhafte Fahrbahnoberfläche ???";Schaffung einer geeigenten Oberfläche (Pflaster, Asphalt) und Beschilderung als Gehweg;ausbau-wegeinfrastruktur;;;ausbau-wegeinfrastruktur;;untersuchung-und-planung-erforderlich;idee;mittel;;;; 	155 ; 	40.000 ;Kostenschätzung gemäß Sichere-Wege-Konzept;;schulzendorf;;;schulzendorf;schulzendorf;;;0;;
Schulzendorf_S27;true;L402 (Dahlewitzer Chaussee);Schulzendorfer Teilstück am Ausbau der L402;"Bestand: Mischverkehr,  Oberflächenqualität: Gut

Mangel: Außerortsbereich ohne Radverkehrsanlage mit hohen Geschwindigkeiten (DTV ggf. zu hoch)";Bau eines gem. Geh- und Radweges, mind. 2,5m Breite;neubau-wegeinfrastruktur;;;neubau-wegeinfrastruktur;;untersuchung-und-planung-erforderlich;idee;niedrig;;;; 	452 ; 	142.000 ;Kostenschätzung gemäß Sichere-Wege-Konzept;;schulzendorf;;;schulzendorf;schulzendorf;;;0;;
Schulzendorf_S28;true;Mittelwalder Weg;Ausbau des Mittenwalder Wegs als Radweg außerorts;"Bestand: Mischverkehr,  Oberflächenqualität: Schlecht

Mangel: unbefestigte und schadhafte Fahrbahnoberfläche";Schaffung einer geeigenten Fahrbahnoberfläche (bspw. Schotterdecke, Pflaster);ausbau-wegeinfrastruktur;;;ausbau-wegeinfrastruktur;;untersuchung-und-planung-erforderlich;idee;niedrig;;;; 	1.558 ; 	340.000 ;Kostenschätzung gemäß Sichere-Wege-Konzept;;schulzendorf;;;schulzendorf;schulzendorf;;;0;;
Schulzendorf_S29;true;bisher nicht vorhanden;Berücksichtigung des Fuß- und Radverkehrs bei der Umfahrung Alt Schulzendorf;"Bestand: ,  Oberflächenqualität: 

Mangel: bisher nicht vorhanden";Schaffung eines Gehweges (mind. 2,5m Breite);neubau-wegeinfrastruktur;;;neubau-wegeinfrastruktur;;untersuchung-und-planung-erforderlich;idee;niedrig;;;; 	463 ; 	290.000 ;Kostenschätzung gemäß Sichere-Wege-Konzept;;schulzendorf;;;schulzendorf;schulzendorf;;;0;;
Schulzendorf_S30;true;Waltersdorfer Chaussee;Anschluss nach Waltersdorf ;"Bestand: Mischverkehr,  Oberflächenqualität: Gut

Mangel: Engstelle, Begenungsverkehr gefährlich";Verbreiterung und Verlängerung Schutzstreifen, Einfärbung gefahrenbereich rot, Beschilderung Achtung Radfahrende;sonstige-and-kombinierte-massnahnen;;;sonstige-and-kombinierte-massnahnen;;kurzfristig-umsetzbar;idee;sofort;;;; 	167 ; 	4.000 ;Kostenschätzung gemäß Sichere-Wege-Konzept;;schulzendorf;;;schulzendorf;schulzendorf;;;datum;;
Schulzendorf_S31;true;Anbindung Am Schwarzen Weg;Anschluss zum Schwarzen Weg und nach Waltersdorf;"Bestand: Mischverkehr,  Oberflächenqualität: Schlecht

Mangel: unbefestigte und schadhafte Fahrbahnoberfläche";Schaffung einer geeigenten Fahrbahnoberfläche (bspw. Schotterdecke, Pflaster);ausbau-wegeinfrastruktur;;;ausbau-wegeinfrastruktur;;mit-eigenmitteln-umsetzbar;idee;niedrig;;;; 	665 ; 	170.000 ;Kostenschätzung gemäß Sichere-Wege-Konzept;;schulzendorf;;;schulzendorf;schulzendorf;;;0;;
Schulzendorf_S32;true;Verbindung zw. Ernst-Thälmannstraße u. Lilienweg;Ausbau des Waldwegs am Lilienweg;"Bestand: Kfz gesperrt,  Oberflächenqualität: Schlecht

Mangel: unbefestigte und schadhafte Fahrbahnoberfläche";Schaffung einer geeigenten Fahrbahnoberfläche (bspw. Schotterdecke, Pflaster);ausbau-wegeinfrastruktur;;;ausbau-wegeinfrastruktur;;mit-eigenmitteln-umsetzbar;idee;mittel;;;; 	216 ; 	54.000 ;Kostenschätzung gemäß Sichere-Wege-Konzept;;schulzendorf;;;schulzendorf;schulzendorf;;;0;;
Schulzendorf_S33;true;Miersdorfer Straße;Miersdorfer Straße: Ausbau des Seitenraumes für den Geh- und Radverkehr;"Bestand: Gehweg (einseitig),  Oberflächenqualität: Gut

Mangel: wichtige regionale Radverbindung, beidseitige Bebauuung, aufgrund fehlender Gehwege (einseitig) schwere Querung der Miersdorfer Straße (Personen aus Westen kommend stehen in Kreuzungsbereichen beim queren), Barrierefreiheit nicht gegeben";"Bau neuer Fußgängeranlagen (westlich), Mindestbreite 2,5m und Freigabe Radverkehr; Streckenführung muss näher untersucht werden (Streckenvorschlag)";neubau-wegeinfrastruktur;;;neubau-wegeinfrastruktur;;untersuchung-und-planung-erforderlich;idee;hoch;;;; 	2.650 ; 	830.000 ;Kostenschätzung gemäß Sichere-Wege-Konzept;;unklar;;;unklar;schulzendorf;;;0;;
Schulzendorf_P01;true;Schulzendorfer Apotheke;Anlehnbügel an der Schulzendorfer Apotheke;Mangel: Abstellanlange (Vorderradhalter) entspricht nicht gängigen Standard;Austausch der Abstellanlage gegen Fahrradbügel;fahrradparken-and-service;;;fahrradparken-and-service;;mit-eigenmitteln-umsetzbar;idee;hoch;;;;; 	1.500 ;Kostenschätzung gemäß Sichere-Wege-Konzept;;schulzendorf;;;schulzendorf;schulzendorf;;;0;;
Schulzendorf_P02;true;Rudolf-Breitscheid-Straße (Lilienthal Apotheke);Anlehnbügel an der Lilienthal Apotheke;Mangel: Abstellanlange (Vorderradhalter) entspricht nicht gängigen Standard;Austausch der Abstellanlage gegen Fahrradbügel;fahrradparken-and-service;;;fahrradparken-and-service;;mit-eigenmitteln-umsetzbar;idee;hoch;;;;; 	1.500 ;Kostenschätzung gemäß Sichere-Wege-Konzept;;schulzendorf;;;schulzendorf;schulzendorf;;;0;;
Schulzendorf_P03;true;August-Bebel-Straße (Sportplatz);Austausch der Absstellanlagen am Sportplatz;Mangel: Abstellanlange (Vorderradhalter) entspricht nicht gängigen Standard;Austausch der Abstellanlage gegen Fahrradbügel;fahrradparken-and-service;;;fahrradparken-and-service;;mit-eigenmitteln-umsetzbar;idee;hoch;;;;; 	1.500 ;Kostenschätzung gemäß Sichere-Wege-Konzept;;schulzendorf;;;schulzendorf;schulzendorf;;;0;;
Schulzendorf_P04;true;Zw. Lilienweg und Ernst-Thälmann-Straße;Entfernen / Markierung des Pollers am Waldweg zum Lilienweg;Mangel: Poller ist Hindernis für Radfahrende mit Anhänger, Hindernis für mobilitätseingeschränkte Personen;Überprüfung der Notwendigkeit des Pollers, retroreflektierende Gestaltung, Markierung im Vorfeld des Pollers;anordnung-and-verkehrslenkung;;;anordnung-and-verkehrslenkung;;kurzfristig-umsetzbar;idee;sofort;;12/31/24;;; 	1.000 ;Kostenschätzung gemäß Sichere-Wege-Konzept;;schulzendorf;;;schulzendorf;schulzendorf;;;datum;;
Schulzendorf_P05;true;Zw. Linienweg und Ernst-Thälmann-Straße_2;Entfernen / Markierung des Pollers am Waldweg zum Lilienweg;Mangel: Poller ist Hindernis für Radfahrende mit Anhänger, Hindernis für mobilitätseingeschränkte Personen;Enterfnung von mind. einem Poller, Überprüfung der Notwendigkeit des Pollers, retroreflektierende Gestaltung, Markierung im Vorfeld des Pollers;anordnung-and-verkehrslenkung;;;anordnung-and-verkehrslenkung;;kurzfristig-umsetzbar;idee;sofort;;12/31/24;;; 	1.000 ;Kostenschätzung gemäß Sichere-Wege-Konzept;;schulzendorf;;;schulzendorf;schulzendorf;;;datum;;
Schulzendorf_P06;true;Heinrich-Zille-Straße;Entfernen des Pollers in der Heinrich-Zille-Straße;Mangel: Poller ist Hindernis für Radfahrende mit Anhänger, Hindernis für mobilitätseingeschränkte Personen;Enterfnung von mind. einem Poller, Überprüfung der Notwendigkeit des Pollers, retroreflektierende Gestaltung, Markierung im Vorfeld des Pollers;anordnung-and-verkehrslenkung;;;anordnung-and-verkehrslenkung;;kurzfristig-umsetzbar;idee;sofort;;12/31/24;;; 	1.000 ;Kostenschätzung gemäß Sichere-Wege-Konzept;;schulzendorf;;;schulzendorf;schulzendorf;;;datum;;
Schulzendorf_P08;true;August-Bebel-Straße, Einfahrt Richard-Israel-Straße;August-Bebel-Straße: Einfärben der Radfuhrten;Mangel: ungesicherte Querung, Gehweg Rad frei mit voran;Einfärben der Radfurt mit Piktogrammen (Rad aus beiden Richtungen);anordnung-and-verkehrslenkung;;;anordnung-and-verkehrslenkung;;abhaengig-von-anderen-akteuren;idee;sofort;;12/31/24;;; 	200 ;Kostenschätzung gemäß Sichere-Wege-Konzept;;schulzendorf;;;schulzendorf;schulzendorf;;;datum;;
Schulzendorf_P10-11;true;Kreuzung Karl-Liebknecht-Straße u. Ernst-Thälmann-Straße;Entfernen der Poller vor der Schulzendorfer Apotheke;Mangel: Poller ist Hindernis für Radfahrende mit Anhänger, Hindernis für mobilitätseingeschränkte Personen;Entfernung von 2 Pollern, Vor der Ernst-Thälmann-Str. 2 und 3;anordnung-and-verkehrslenkung;;;anordnung-and-verkehrslenkung;;kurzfristig-umsetzbar;idee;sofort;;12/31/24;;; 	1.100 ;Kostenschätzung gemäß Sichere-Wege-Konzept;;schulzendorf;;;schulzendorf;schulzendorf;;;datum;;
Schulzendorf_P12;true;Clara-Zetkin-Straße;Entfernen / Markierung des Pollers in der Clara-Zetkin-Straße;Mangel: Poller ist Hindernis für Radfahrende mit Anhänger, Hindernis für mobilitätseingeschränkte Personen;Überprüfung der Notwendigkeit des Pollers, retroreflektierende Gestaltung, Markierung im Vorfeld des Pollers;anordnung-and-verkehrslenkung;;;anordnung-and-verkehrslenkung;;kurzfristig-umsetzbar;idee;sofort;;12/31/24;;; 	550 ;Kostenschätzung gemäß Sichere-Wege-Konzept;;schulzendorf;;;schulzendorf;schulzendorf;;;datum;;
Schulzendorf_P13;true;Ernst-Thälmann-Straße, bei Tierarztpraxis;Errichtung einer Querungsinsel am Neuen Zentrum (an Tierarztpraxis);Mangel: Neben-und Hauptfußverkehrsachse, Erhöhter Querungsbedarf;Prüfung Platzverhältnisse zur Errichtung Mittelinsel sonst Errichtung LSA;anordnung-and-verkehrslenkung;;;anordnung-and-verkehrslenkung;;untersuchung-und-planung-erforderlich;idee;hoch;;;;; 	50.500 ;Kostenschätzung gemäß Sichere-Wege-Konzept;;landkreis-dahme-spreewald;;;landkreis-dahme-spreewald;schulzendorf;;;0;;
Schulzendorf_P17;true;Einfahrt Illgenstraße von Ernst-Thälmann-Straße;Ernst-Thälmann-Straße: Einfärben der Radfuhrten;Mangel: schlechte Sichtverhältnisse und Radverkehr von beiden Seiten (nicht ausgeschildert);Einfärbung der Furt, Beschilderung Achtung + Radfahrende kreuzen;sonstige-and-kombinierte-massnahnen;;;sonstige-and-kombinierte-massnahnen;;kurzfristig-umsetzbar;idee;sofort;;12/31/24;;; 	1.400 ;Kostenschätzung gemäß Sichere-Wege-Konzept;;schulzendorf;;;schulzendorf;schulzendorf;;;datum;;
Schulzendorf_P19;true;Ernst-Thälmann-Straße, Einmündung Albrecht-Dürer-Straße;Ernst-Thälmann-Straße: Einfärben der Radfuhrten;Mangel: Weg für Radverkehr nur in eien Richtung freigegeben, Alternative nicht vorhanden;Einfärbung der Radfurt im Einmündungsbereich, Ergänzung Beschilderung Gehweg, Rad frei in Gegenrichtung, Anbringung Beschilderung Achtung + Radfahrende keruzen;anordnung-and-verkehrslenkung;;;anordnung-and-verkehrslenkung;;kurzfristig-umsetzbar;idee;sofort;;12/31/24;;; 	1.400 ;Kostenschätzung gemäß Sichere-Wege-Konzept;;schulzendorf;;;schulzendorf;schulzendorf;;;datum;;
Schulzendorf_P20;true;Ernst-Thählmann-Straße, Einmündung Freiligrathstraße;Ernst-Thälmann-Straße: Einfärben der Radfuhrten;Mangel: Weg für Radverkehr nur in eien Richtung freigegeben, Alternative nicht vorhanden;Einfärbung der Radfurt im Einmündungsbereich, Ergänzung Beschilderung Gehweg, Rad frei in Gegenrichtung, Anbringung Beschilderung Achtung + Radfahrende keruzen;anordnung-and-verkehrslenkung;;;anordnung-and-verkehrslenkung;;kurzfristig-umsetzbar;idee;sofort;;12/31/24;;; 	1.400 ;Kostenschätzung gemäß Sichere-Wege-Konzept;;schulzendorf;;;schulzendorf;schulzendorf;;;datum;;
Schulzendorf_P21;true;Ernst-Thählmann-Straße, Einmündung auf dem Ritterfleck;Ernst-Thälmann-Straße: Einfärben der Radfuhrten;Mangel: Weg für Radverkehr nur in eien Richtung freigegeben, Alternative nicht vorhanden;Einfärbung der Radfurt im Einmündungsbereich, Ergänzung Beschilderung Gehweg, Rad frei in Gegenrichtung, Anbringung Beschilderung Achtung + Radfahrende keruzen;anordnung-and-verkehrslenkung;;;anordnung-and-verkehrslenkung;;kurzfristig-umsetzbar;idee;sofort;;12/31/24;;; 	1.400 ;Kostenschätzung gemäß Sichere-Wege-Konzept;;schulzendorf;;;schulzendorf;schulzendorf;;;datum;;
Schulzendorf_P22;true;Ernst-Thählmann-Straße, Einmündung Im Ritterschlag;Ernst-Thälmann-Straße: Einfärben der Radfuhrten;Mangel: Weg für Radverkehr nur in eien Richtung freigegeben, Alternative nicht vorhanden;Einfärbung der Radfurt im Einmündungsbereich, Ergänzung Beschilderung Gehweg, Rad frei in Gegenrichtung, Anbringung Beschilderung Achtung + Radfahrende keruzen;anordnung-and-verkehrslenkung;;;anordnung-and-verkehrslenkung;;kurzfristig-umsetzbar;idee;sofort;;12/31/24;;; 	1.200 ;Kostenschätzung gemäß Sichere-Wege-Konzept;;schulzendorf;;;schulzendorf;schulzendorf;;;datum;;
Schulzendorf_P23;true;Forstweg;Einbahnstraße Forstweg: Freigabe in Gegenrichtung;Mangel: Sackgassen-Beschilderung, jedoch durchlässig für Radverkehr;Änderung Beschilderung als durchlässige Sackgasse für Radfahrende;anordnung-and-verkehrslenkung;;;anordnung-and-verkehrslenkung;;kurzfristig-umsetzbar;idee;sofort;;12/31/24;;; 	150 ;Kostenschätzung gemäß Sichere-Wege-Konzept;;schulzendorf;;;schulzendorf;schulzendorf;;;datum;;
Schulzendorf_P24;true;Miersdorfer Straße;Miersdorfer Straße: Einfärben der Radfuhrten;Mangel: Eingeschränkte Sichtverhältnisse, Hauptradverbindung;Einfärbung der Radfurt;anordnung-and-verkehrslenkung;;;anordnung-and-verkehrslenkung;;kurzfristig-umsetzbar;idee;sofort;;12/31/24;;; 	1.000 ;Kostenschätzung gemäß Sichere-Wege-Konzept;;schulzendorf;;;schulzendorf;schulzendorf;;;datum;;
Schulzendorf_P25;true;Miersdorfer Straße, Einmündung zum Mühlenschlag;Miersdorfer Straße zum Mühlenschlag: Zufahrt zum freigegebenen Gehweg bauen;Mangel: fehlender Zugang zu Gehweg, Rad frei;Bau Zufahrt auf Gehweg, Rad frei;anordnung-and-verkehrslenkung;;;anordnung-and-verkehrslenkung;;;idee;mittel;;;;; 	2.000 ;Kostenschätzung gemäß Sichere-Wege-Konzept;;landkreis-dahme-spreewald;;;landkreis-dahme-spreewald;schulzendorf;;;0;;
Schulzendorf_P26;true;Miersdorfer Straße, bei Bushaltestelle Zum Mühlenschlag;Miersdorfer Straße: Herstellung einer Aufstellfläche, ggf. Mittelinsel;Mangel: Querungsbedarf, keine geradelinie Querung möglich;Ausbau Aufstellfläche gegenüber gem. Geh- und Radweg Richtung Mühlenschlag, Prüfung der Anbringung einer Mittelinsel;ausbau-wegeinfrastruktur;;;ausbau-wegeinfrastruktur;;;idee;mittel;;;;; 	5.000 ;Kostenschätzung gemäß Sichere-Wege-Konzept;;landkreis-dahme-spreewald;;;landkreis-dahme-spreewald;schulzendorf;;;0;;
Schulzendorf_P27;true;Kreuzung Miersdorfer Straße u. Kölner Straße;Miersdorfer Straße: Einfärben der Radfuhrten und Freigabe für Rad in Gegenrichtung;Mangel: Weg für Radverkehr nur in eien Richtung freigegeben, Alternative nicht vorhanden;Einfärbung der Radfurt im Einmündungsbereich, Ergänzung Beschilderung Gehweg, Rad frei in Gegenrichtung, Anbringung Beschilderung Achtung + Radfahrende keruzen;anordnung-and-verkehrslenkung;;;anordnung-and-verkehrslenkung;;kurzfristig-umsetzbar;idee;sofort;;12/31/24;;; 	1.400 ;Kostenschätzung gemäß Sichere-Wege-Konzept;;landkreis-dahme-spreewald;;;landkreis-dahme-spreewald;schulzendorf;;;datum;;
Schulzendorf_P28;true;Kreuzung Miersdorfer Straße u. Leipziger Straße;Miersdorfer Straße: Einfärben der Radfuhrten und Freigabe für Rad in Gegenrichtung;Mangel: Weg für Radverkehr nur in eien Richtung freigegeben, Alternative nicht vorhanden;Einfärbung der Radfurt im Einmündungsbereich, Ergänzung Beschilderung Gehweg, Rad frei in Gegenrichtung, Anbringung Beschilderung Achtung + Radfahrende keruzen;anordnung-and-verkehrslenkung;;;anordnung-and-verkehrslenkung;;kurzfristig-umsetzbar;idee;sofort;;12/31/24;;; 	1.400 ;Kostenschätzung gemäß Sichere-Wege-Konzept;;landkreis-dahme-spreewald;;;landkreis-dahme-spreewald;schulzendorf;;;datum;;
Schulzendorf_P30;true;Kreuzung Miersdorfer Straße u. Münchner Straße;Miersdorfer Straße: Einfärben der Radfuhrten und Freigabe für Rad in Gegenrichtung;Mangel: Weg für Radverkehr nur in eien Richtung freigegeben, Alternative nicht vorhanden;Einfärbung der Radfurt im Einmündungsbereich, Ergänzung Beschilderung Gehweg, Rad frei in Gegenrichtung, Anbringung Beschilderung Achtung + Radfahrende keruzen;anordnung-and-verkehrslenkung;;;anordnung-and-verkehrslenkung;;kurzfristig-umsetzbar;idee;sofort;;12/31/24;;; 	1.400 ;Kostenschätzung gemäß Sichere-Wege-Konzept;;landkreis-dahme-spreewald;;;landkreis-dahme-spreewald;schulzendorf;;;datum;;
Schulzendorf_P31;true;Kreuzung Miersdorfer Straße u. Otto-Krien-Straße;Miersdorfer Straße: Einfärben der Radfuhrten und Freigabe für Rad in Gegenrichtung;Mangel: Weg für Radverkehr nur in eien Richtung freigegeben, Alternative nicht vorhanden;Einfärbung der Radfurt im Einmündungsbereich, Ergänzung Beschilderung Gehweg, Rad frei in Gegenrichtung, Anbringung Beschilderung Achtung + Radfahrende keruzen;anordnung-and-verkehrslenkung;;;anordnung-and-verkehrslenkung;;kurzfristig-umsetzbar;idee;sofort;;12/31/24;;; 	1.400 ;Kostenschätzung gemäß Sichere-Wege-Konzept;;landkreis-dahme-spreewald;;;landkreis-dahme-spreewald;schulzendorf;;;datum;;
Schulzendorf_P32;true;Kreuzung Miersdorfer Straße u. Chemnitzer Straße;Miersdorfer Straße: Einfärben der Radfuhrten und Freigabe für Rad in Gegenrichtung;Mangel: Weg für Radverkehr nur in eien Richtung freigegeben, Alternative nicht vorhanden;Einfärbung der Radfurt im Einmündungsbereich, Ergänzung Beschilderung Gehweg, Rad frei in Gegenrichtung, Anbringung Beschilderung Achtung + Radfahrende keruzen;anordnung-and-verkehrslenkung;;;anordnung-and-verkehrslenkung;;kurzfristig-umsetzbar;idee;sofort;;12/31/24;;; 	1.400 ;Kostenschätzung gemäß Sichere-Wege-Konzept;;landkreis-dahme-spreewald;;;landkreis-dahme-spreewald;schulzendorf;;;datum;;
Schulzendorf_P33;true;Kreuzung Miersdorfer Straße u. Bremer Straße;Miersdorfer Straße: Einfärben der Radfuhrten und Freigabe für Rad in Gegenrichtung;Mangel: Weg für Radverkehr nur in eien Richtung freigegeben, Alternative nicht vorhanden;Einfärbung der Radfurt im Einmündungsbereich, Ergänzung Beschilderung Gehweg, Rad frei in Gegenrichtung, Anbringung Beschilderung Achtung + Radfahrende keruzen;anordnung-and-verkehrslenkung;;;anordnung-and-verkehrslenkung;;kurzfristig-umsetzbar;idee;sofort;;12/31/24;;; 	1.400 ;Kostenschätzung gemäß Sichere-Wege-Konzept;;landkreis-dahme-spreewald;;;landkreis-dahme-spreewald;schulzendorf;;;datum;;
Schulzendorf_P34;true;Kreuzung Miersdorfer Straße u. Hamburger Straße;Miersdorfer Straße: Einfärben der Radfuhrten und Freigabe für Rad in Gegenrichtung;Mangel: Weg für Radverkehr nur in eien Richtung freigegeben, Alternative nicht vorhanden;Einfärbung der Radfurt im Einmündungsbereich, Ergänzung Beschilderung Gehweg, Rad frei in Gegenrichtung, Anbringung Beschilderung Achtung + Radfahrende keruzen;anordnung-and-verkehrslenkung;;;anordnung-and-verkehrslenkung;;kurzfristig-umsetzbar;idee;sofort;;12/31/24;;; 	1.400 ;Kostenschätzung gemäß Sichere-Wege-Konzept;;landkreis-dahme-spreewald;;;landkreis-dahme-spreewald;schulzendorf;;;datum;;
Schulzendorf_P36;true;Bushaltestelle Zum Mühlenschlag;Anlehnbügel an Bushaltestelle;Mangel: Weg für Radverkehr nur in eien Richtung freigegeben, Alternative nicht vorhanden;Aufstellung von jeweils zwei Fahrradbügel an den gegenüberliegenden Bushaltestellen;fahrradparken-and-service;;;fahrradparken-and-service;;mit-eigenmitteln-umsetzbar;idee;hoch;;;;; 	900 ;Kostenschätzung gemäß Sichere-Wege-Konzept;;schulzendorf;;;schulzendorf;schulzendorf;;;0;;
Schulzendorf_P37;true;Bushaltestelle Otto-Krien-Straße;Anlehnbügel an Bushaltestelle;Mangel: Weg für Radverkehr nur in eien Richtung freigegeben, Alternative nicht vorhanden;Mit Bau von Fußgängeranlagen auch Herstellung von Warteflächen und Anbringung von Fahrradbügeln (jeweils 2 beidseitig zwischen Baumallee);fahrradparken-and-service;;;fahrradparken-and-service;;mit-eigenmitteln-umsetzbar;idee;hoch;;;;; 	6.400 ;Kostenschätzung gemäß Sichere-Wege-Konzept;;schulzendorf;;;schulzendorf;schulzendorf;;;0;;
Schulzendorf_P38;true;Schulzentrum;Ausbau und Überdachtung der Abstellanlagen am Schulzentrum;Mangel: Weg für Radverkehr nur in eien Richtung freigegeben, Alternative nicht vorhanden;Überdachung der Abstellanlagen am Schulzentrum, Errichtung von zusätzlichen Abstellanlagen (Fahrradbügeln) mind. 30;fahrradparken-and-service;;;fahrradparken-and-service;;mit-eigenmitteln-umsetzbar;idee;hoch;;;;; 	6.000 ;Kostenschätzung gemäß Sichere-Wege-Konzept;;schulzendorf;;;schulzendorf;schulzendorf;;;0;;
Schulzendorf_P39;true;Mehrzweckhalle;Überdachte Anlehnbügel an der Merkzweckhalle;Mangel: Streckenverlängerung Umstieg Bus, keine Abstellanlagen;Schaffung von 10 Fahrradbügeln mit Überdachung;fahrradparken-and-service;;;fahrradparken-and-service;;kurzfristig-umsetzbar;idee;hoch;;;;; 	5.000 ;Kostenschätzung gemäß Sichere-Wege-Konzept;;schulzendorf;;;schulzendorf;schulzendorf;;;0;;
Schulzendorf_P40;true;Skatepark;Anlehnbügel am Skatepark;Mangel: fehelende Barrierefreiheit an Bushaltestellen (Aufstellfläche unbefestigt), Streckenverlängerung durch Umstieg Bus;Schaffung von fünf Fahrradbügeln;fahrradparken-and-service;;;fahrradparken-and-service;;kurzfristig-umsetzbar;idee;hoch;;;;; 	1.500 ;Kostenschätzung gemäß Sichere-Wege-Konzept;;schulzendorf;;;schulzendorf;schulzendorf;;;0;;
Schulzendorf_P41;true;Kultur Klub Schulzendorf;Anlehnbügel an Kultur Klub Schulzendorf;Mangel: fehlende Überdachung der Abstellanlagen an Schulzentrum, gemeldeter Bedarf an Abstellanlagen;Schaffung von vier Fahrradbügeln;fahrradparken-and-service;;;fahrradparken-and-service;;kurzfristig-umsetzbar;idee;hoch;;;;; 	1.300 ;Kostenschätzung gemäß Sichere-Wege-Konzept;;schulzendorf;;;schulzendorf;schulzendorf;;;0;;
Schulzendorf_P42;true;Bushaltestelle Miersdorfer Straße;Anlehnbügel an Bushaltestelle;Mangel: fehlende/mangelhafte Abstellanlagen an Mehrzweckhalle;Schaffung von jeweils zwei Fahrradbügeln an den gegenüberligenden Bushaltestellen;fahrradparken-and-service;;;fahrradparken-and-service;;kurzfristig-umsetzbar;idee;hoch;;;;; 	900 ;Kostenschätzung gemäß Sichere-Wege-Konzept;;schulzendorf;;;schulzendorf;schulzendorf;;;0;;
Schulzendorf_P43;true;Kita Schulzendorf (Eingang Herweghstraße);Überdachte Anlehnbügel an der Kita Schulzendorf;Mangel: fehlende Abstellanlagen;Schaffung von sechs Fahrradbügeln mit Überdachung;fahrradparken-and-service;;;fahrradparken-and-service;;mit-eigenmitteln-umsetzbar;idee;hoch;;;;; 	1.700 ;Kostenschätzung gemäß Sichere-Wege-Konzept;;schulzendorf;;;schulzendorf;schulzendorf;;;0;;
Schulzendorf_P44;true;Naturkita, Bushaltestelle Puschkinstraße;Anlehnbügel an Naturkita;Mangel: fehlende Abstellanlagen;Schaffung von vier Fahrradbügeln (vor Eingang Naturkita);fahrradparken-and-service;;;fahrradparken-and-service;;kurzfristig-umsetzbar;idee;hoch;;;;; 	1.300 ;Kostenschätzung gemäß Sichere-Wege-Konzept;;schulzendorf;;;schulzendorf;schulzendorf;;;0;;
Schulzendorf_Neu1;false;Strategische Maßnahme;Schulexpress Schulzendorf;;Einrichtung des SCHULEXPESS in Schulzendorf;strategie-and-strukturen;;;strategie-and-strukturen;;mit-eigenmitteln-umsetzbar;in-umsetzung;sehr-hoch;;;;; 	5.000 ;Finanziert über das NUDAFA-Reallabor (BMBF);100;schulzendorf;;;schulzendorf;schulzendorf;;;0;;
